stock_code,trade_date,industry,value_factor,momentum_factor,quality_factor,volatility_factor,turn_factor,ps_ttm,future_return
000519.SZ,2026-03-02,C35专用设备制造业,0.34584999033349273,0.0,100000000.0,0.0,13.8691,5.599648,-0.08439415370108438
000528.SZ,2026-03-02,C35专用设备制造业,0.7680544642781709,0.0,0.06167002172141506,0.0,2.2797,0.720104,-0.10463121783876506
000967.SZ,2026-03-02,C35专用设备制造业,0.6404545690349183,0.0,0.014295702080084694,0.0,1.4882,1.99227,0.015439429928741255
002008.SZ,2026-03-02,C35专用设备制造业,0.22087932501045313,0.0,0.014723439188088314,0.0,5.8261,4.426887,-0.09179844545698213
002223.SZ,2026-03-02,C35专用设备制造业,0.35531526768386323,0.0,0.045728423374961594,0.0,1.1875,4.707988,-0.041886195995785136
002353.SZ,2026-03-02,C35专用设备制造业,0.1730694877454688,0.0,0.022165476631780277,0.0,4.6812,8.136571,-0.05192415393231453
002430.SZ,2026-03-02,C35专用设备制造业,0.29602728424273406,0.0,0.030744870425897314,0.0,1.9128,2.208434,-0.06708595387840677
002432.SZ,2026-03-02,C35专用设备制造业,0.9772935613945588,0.0,0.08320501732910895,0.0,11.8979,14.466718,0.03030923612533276
002595.SZ,2026-03-02,C35专用设备制造业,0.14738367448723746,0.0,0.03084002808663038,0.0,0.6717,7.341255,-0.02671360530130462
002837.SZ,2026-03-02,C35专用设备制造业,0.030550130870650626,0.0,0.004601144180326754,0.0,5.9813,18.8829,-0.1265195857721747
300003.SZ,2026-03-02,C35专用设备制造业,0.4829200825213837,0.0,0.013015014029078847,0.0,2.4906,5.235694,-0.03263927968486202
300450.SZ,2026-03-02,C35专用设备制造业,0.14289119178684292,0.0,0.009687539083165489,0.0,3.3324,6.765399,-0.06813063063063063
300529.SZ,2026-03-02,C35专用设备制造业,0.21421477859188917,0.0,0.031177835975712092,0.0,1.0916,7.583733,-0.03307493540051687
300604.SZ,2026-03-02,C35专用设备制造业,0.0483367750728411,0.0,0.01086576090190857,0.0,4.6827,18.207365,-0.09486447931526376
300724.SZ,2026-03-02,C35专用设备制造业,0.32151632241914024,0.0,0.08250539172734939,0.0,7.14,2.115224,-0.025810776837341787
300751.SZ,2026-03-02,C35专用设备制造业,0.10216651241226067,0.0,0.010797669988069547,0.0,5.0357,9.305285,-0.06207322388493386
300757.SZ,2026-03-02,C35专用设备制造业,0.023388546675470117,0.0,100000000.0,0.0,8.11,140.668135,-0.13788638557336907
600031.SH,2026-03-02,C35专用设备制造业,0.3475858597901207,0.0,0.03902803489121931,0.0,0.6466,2.452308,-0.07400957771005656
600499.SH,2026-03-02,C35专用设备制造业,0.37087599798095106,0.0,0.04283864084816054,0.0,1.4344,2.037502,-0.02601809954751133
600528.SH,2026-03-02,C35专用设备制造业,1.3162328363238143,0.0,0.07660123976042502,0.0,1.0568,0.66062,0.0
600582.SH,2026-03-02,C35专用设备制造业,1.0037580702148845,0.0,0.10963889224810272,0.0,1.2792,0.87593,-0.0032573289902279035
601106.SH,2026-03-02,C35专用设备制造业,0.14874743503641707,0.0,100000000.0,0.0,2.3577,3.714431,-0.05415860735009681
601399.SH,2026-03-02,C35专用设备制造业,0.39002518392612606,0.0,0.01262016877380787,0.0,1.4537,2.732615,-0.04372623574144474
601608.SH,2026-03-02,C35专用设备制造业,0.2585218496204253,0.0,0.010493448761549536,0.0,1.4882,4.435995,-0.09859154929577463
601717.SH,2026-03-02,C35专用设备制造业,0.5092712837201249,0.0,0.099399794222546,0.0,2.1291,1.137914,-0.11857086768747549
603338.SH,2026-03-02,C35专用设备制造业,0.3760315956787953,0.0,0.05964722602522994,0.0,0.6973,3.543866,-0.11821140997087543
688012.SH,2026-03-02,C35专用设备制造业,0.09822025873376997,0.0,0.009658524694544085,0.0,1.7056,17.651898,-0.07283611158847458
688037.SH,2026-03-02,C35专用设备制造业,0.06214678100182848,0.0,0.0016463301051423123,0.0,2.4091,22.349358,-0.1578849893508658
688114.SH,2026-03-02,C35专用设备制造业,0.2983131584144298,0.0,100000000.0,0.0,0.9101,9.318967,-0.11078951599935682
688120.SH,2026-03-02,C35专用设备制造业,0.10606820440106679,0.0,0.015986870303157423,0.0,1.0489,14.607972,-0.09890625000000008
688301.SH,2026-03-02,C35专用设备制造业,0.21118628404217307,0.0,0.023977048018738158,0.0,2.7854,11.996585,-0.07804952848271107
688361.SH,2026-03-02,C35专用设备制造业,0.03970176825720552,0.0,0.0008991582261417664,0.0,3.4445,31.259425,-0.061647572285870256
688425.SH,2026-03-02,C35专用设备制造业,0.6251992822712239,0.0,0.05120797304043602,0.0,0.7418,2.883029,-0.02025782688766109
688617.SH,2026-03-02,C35专用设备制造业,0.08881402458709695,0.0,0.024385539872320727,0.0,0.955,13.023815,-0.04865476489816445
000519.SZ,2026-03-03,C35专用设备制造业,0.36991824806717716,0.0,100000000.0,0.0,8.0063,5.235314,-0.010590015128592922
000528.SZ,2026-03-03,C35专用设备制造业,0.8017471674272575,0.0,0.0643753298028615,0.0,2.6957,0.689843,-0.044762757385855
000967.SZ,2026-03-03,C35专用设备制造业,0.6641164594623313,0.0,0.014823868355154684,0.0,1.6427,1.921286,0.08374384236453225
002008.SZ,2026-03-03,C35专用设备制造业,0.2339533721571156,0.0,0.015594932969235316,0.0,7.5721,4.179499,0.03633782824698373
002223.SZ,2026-03-03,C35专用设备制造业,0.36721396235616227,0.0,0.047259758679384645,0.0,1.224,4.555438,-0.00027225701061794894
002353.SZ,2026-03-03,C35专用设备制造业,0.1759124490777438,0.0,0.022529583821812263,0.0,5.1731,8.005074,-0.02577864519801576
002430.SZ,2026-03-03,C35专用设备制造业,0.303108008901676,0.0,0.031480258415145276,0.0,1.5923,2.156845,-0.057651027292241586
002432.SZ,2026-03-03,C35专用设备制造业,0.9449750479338592,0.0,0.0804534808721447,0.0,14.2048,14.961484,0.05346534653465351
002595.SZ,2026-03-03,C35专用设备制造业,0.1504843564739649,0.0,0.03148884584783513,0.0,0.6367,7.189991,0.012474891637593855
002837.SZ,2026-03-03,C35专用设备制造业,0.033130781673416564,0.0,0.0049898150639313315,0.0,6.0931,17.412057,-0.03125
300003.SZ,2026-03-03,C35专用设备制造业,0.5044965779997114,0.0,0.013596519530298988,0.0,2.4434,5.01177,0.021751910640799288
300450.SZ,2026-03-03,C35专用设备制造业,0.1518094317985501,0.0,0.010292165132519963,0.0,3.9128,6.367958,0.014356929212362868
300529.SZ,2026-03-03,C35专用设备制造业,0.21804605874117214,0.0,0.031735461318725205,0.0,1.1078,7.450479,-0.0015781167806417917
300604.SZ,2026-03-03,C35专用设备制造业,0.0525742121806879,0.0,0.011818306350899012,0.0,5.0905,16.739867,0.02909231962761827
300724.SZ,2026-03-03,C35专用设备制造业,0.33168959028706735,0.0,0.08511600289802967,0.0,7.2259,2.050347,0.033111437710728886
300751.SZ,2026-03-03,C35专用设备制造业,0.10720921964982039,0.0,0.011330618940045072,0.0,4.6255,8.8676,0.014826390212295593
300757.SZ,2026-03-03,C35专用设备制造业,0.02283326317813222,0.0,100000000.0,0.0,8.0141,144.089049,-0.1032866007814296
600031.SH,2026-03-03,C35专用设备制造业,0.35980386371781015,0.0,0.040399907371092385,0.0,1.0289,2.369034,-0.00585849481748546
600499.SH,2026-03-03,C35专用设备制造业,0.39982247881940414,0.0,0.046182143018615424,0.0,2.2414,1.88999,0.09085365853658556
600528.SH,2026-03-03,C35专用设备制造业,1.3303356436829012,0.0,0.07742196620670534,0.0,1.0922,0.653617,0.020238095238095166
600582.SH,2026-03-03,C35专用设备制造业,1.0136631658119797,0.0,0.1107208569971485,0.0,1.8238,0.867371,-0.0016447368421051989
601106.SH,2026-03-03,C35专用设备制造业,0.1636221761062209,0.0,100000000.0,0.0,3.125,3.376756,0.04680851063829783
601399.SH,2026-03-03,C35专用设备制造业,0.42299645613569054,0.0,0.013687028411725196,0.0,2.4029,2.519617,0.04742268041237119
601608.SH,2026-03-03,C35专用设备制造业,0.2747014270189731,0.0,0.011150181595202513,0.0,2.006,4.17472,-0.017687074829931926
601717.SH,2026-03-03,C35专用设备制造业,0.546153224379406,0.0,0.10659843229949555,0.0,2.9668,1.06107,-0.03621052631578947
603338.SH,2026-03-03,C35专用设备制造业,0.38847729719251345,0.0,0.061621390657987656,0.0,1.0754,3.430331,-0.05451327433628317
688012.SH,2026-03-03,C35专用设备制造业,0.10282645239279212,0.0,0.010111476193823571,0.0,1.7726,16.861167,-0.018620689655172384
688037.SH,2026-03-03,C35专用设备制造业,0.0645310669334295,0.0,0.0017094921926773575,0.0,2.6322,21.523597,-0.11346153846153839
688114.SH,2026-03-03,C35专用设备制造业,0.31997399251388847,0.0,100000000.0,0.0,1.3662,8.688113,-0.03225250086236631
688120.SH,2026-03-03,C35专用设备制造业,0.11252055609909237,0.0,0.01695938508797223,0.0,1.4306,13.770297,-0.021934913531134304
688301.SH,2026-03-03,C35专用设备制造业,0.22073101255275193,0.0,0.025060713337166283,0.0,1.6836,11.477833,-0.020754868178539998
688361.SH,2026-03-03,C35专用设备制造业,0.04285826941736755,0.0,0.0009706460709547714,0.0,4.3142,28.957176,0.020023557126030544
688425.SH,2026-03-03,C35专用设备制造业,0.6454052951632037,0.0,0.05286298247978031,0.0,0.7233,2.792769,0.020912547528517234
688617.SH,2026-03-03,C35专用设备制造业,0.08972397585240692,0.0,0.02463538339221888,0.0,0.9413,12.891732,-0.019898391193903464
000519.SZ,2026-03-04,C35专用设备制造业,0.35454216374955283,0.0,100000000.0,0.0,8.5529,5.462363,-0.05413243112614796
000528.SZ,2026-03-04,C35专用设备制造业,0.8186025799078908,0.0,0.06572874378436135,0.0,1.6676,0.675638,-0.025594149908592212
000967.SZ,2026-03-04,C35专用设备制造业,0.6682312186933674,0.0,0.014915713985098725,0.0,1.0106,1.909456,0.17596034696406448
002008.SZ,2026-03-04,C35专用设备制造业,0.23528924577561688,0.0,0.015683983295114865,0.0,4.3672,4.155769,0.03283369022127047
002223.SZ,2026-03-04,C35专用设备制造业,0.37156377817939695,0.0,0.04781958702717726,0.0,0.8221,4.502107,0.004683195592286582
002353.SZ,2026-03-04,C35专用设备制造业,0.18711142803628988,0.0,0.02396386938655945,0.0,4.8722,7.525954,-0.031139174811867454
002430.SZ,2026-03-04,C35专用设备制造业,0.304602513519021,0.0,0.0316354773023201,0.0,2.1037,2.146262,-0.06471494607087835
002432.SZ,2026-03-04,C35专用设备制造业,0.9358949401775956,0.0,0.07968034794176897,0.0,9.1447,15.106655,0.14767601490488325
002595.SZ,2026-03-04,C35专用设备制造业,0.15026194413411179,0.0,0.03144230902255923,0.0,0.5755,7.200633,-0.01931806186002316
002837.SZ,2026-03-04,C35专用设备制造业,0.033104919321490844,0.0,0.004985919812309237,0.0,3.3366,17.425661,-0.02215066354410622
300003.SZ,2026-03-04,C35专用设备制造业,0.5123276273697714,0.0,0.013807570163271343,0.0,1.6549,4.935165,0.03820895522388068
300450.SZ,2026-03-04,C35专用设备制造业,0.1528150052109917,0.0,0.01036033879965529,0.0,2.7292,6.326055,0.04676836611802493
300529.SZ,2026-03-04,C35专用设备制造业,0.22154228433578635,0.0,0.032244313876469456,0.0,0.9579,7.332901,0.00908605024051301
300604.SZ,2026-03-04,C35专用设备制造业,0.05249276321643107,0.0,0.011799997592800492,0.0,3.3468,16.76584,-0.0010069713400464586
300724.SZ,2026-03-04,C35专用设备制造业,0.333883350506067,0.0,0.0856789517145986,0.0,4.4375,2.036876,0.0467322252197373
300751.SZ,2026-03-04,C35专用设备制造业,0.10744674724313136,0.0,0.011355722070564662,0.0,3.3698,8.847997,-0.004927613736200875
300757.SZ,2026-03-04,C35专用设备制造业,0.023775883199166816,0.0,100000000.0,0.0,5.902,138.376486,-0.08500658130908234
600031.SH,2026-03-04,C35专用设备制造业,0.36274638187690056,0.0,0.040730302469335684,0.0,0.602,2.349817,0.010904134484325256
600499.SH,2026-03-04,C35专用设备制造业,0.39764024373756385,0.0,0.045930088893094044,0.0,1.3182,1.900362,0.07822922983626457
600528.SH,2026-03-04,C35专用设备制造业,1.3496169112397445,0.0,0.0785440262437584,0.0,0.8375,0.64428,0.05434782608695676
600582.SH,2026-03-04,C35专用设备制造业,1.0323411846321562,0.0,0.11276094150424675,0.0,1.2227,0.851678,0.03015075376884435
601106.SH,2026-03-04,C35专用设备制造业,0.16224139735270712,0.0,100000000.0,0.0,1.6558,3.405494,0.02320675105485215
601399.SH,2026-03-04,C35专用设备制造业,0.41782753082313695,0.0,0.013519773534059067,0.0,1.3187,2.550787,0.014256619144602967
601608.SH,2026-03-04,C35专用设备制造业,0.280424360576373,0.0,0.011382476949915054,0.0,1.4108,4.089521,0.0
601717.SH,2026-03-04,C35专用设备制造业,0.5664252562224646,0.0,0.11055514158796982,0.0,1.9802,1.023095,-0.010480349344978102
603338.SH,2026-03-04,C35专用设备制造业,0.40533633390310114,0.0,0.06429563234625821,0.0,1.274,3.287654,-0.007756232686980669
688012.SH,2026-03-04,C35专用设备制造业,0.10306131261773467,0.0,0.01013457150231057,0.0,1.0774,16.822743,-0.03738654805553887
688037.SH,2026-03-04,C35专用设备制造业,0.06583833699207944,0.0,0.0017441230978641458,0.0,2.043,21.09623,-0.12527591111983127
688114.SH,2026-03-04,C35专用设备制造业,0.33391099936222995,0.0,100000000.0,0.0,1.2706,8.325484,0.0005399568034556435
688120.SH,2026-03-04,C35专用设备制造业,0.11414771947695687,0.0,0.01720463614018255,0.0,1.0005,13.574002,-0.017039403620873195
688301.SH,2026-03-04,C35专用设备制造业,0.22483899841421057,0.0,0.02552711123441273,0.0,1.0828,11.268125,-0.015345686066443598
688361.SH,2026-03-04,C35专用设备制造业,0.04236180266753966,0.0,0.0009594021929629648,0.0,2.524,29.296545,-0.00925548634961293
688425.SH,2026-03-04,C35专用设备制造业,0.6553732744021684,0.0,0.05367940085199945,0.0,0.5951,2.750293,0.04826254826254828
688617.SH,2026-03-04,C35专用设备制造业,0.09210658537216633,0.0,0.025289571281324703,0.0,0.5912,12.558249,0.021339475857273138
000519.SZ,2026-03-05,C35专用设备制造业,0.3588785476041627,0.0,100000000.0,0.0,6.5841,5.39636,-0.07191780821917815
000528.SZ,2026-03-05,C35专用设备制造业,0.8141373319417012,0.0,0.06537022262156165,0.0,1.8343,0.679344,-0.051818181818181874
000967.SZ,2026-03-05,C35专用设备制造业,0.6608612211261472,0.0,0.014751202385257626,0.0,0.9084,1.930751,0.13970588235294135
002008.SZ,2026-03-05,C35专用设备制造业,0.23058215769098717,0.0,0.015370215857005962,0.0,5.2073,4.240605,-0.010212646894236177
002223.SZ,2026-03-05,C35专用设备制造业,0.37187121504828935,0.0,0.04785913868578135,0.0,0.7144,4.498386,0.0
002353.SZ,2026-03-05,C35专用设备制造业,0.17528526800942193,0.0,0.022449258054266234,0.0,4.0139,8.033717,-0.12105988169516246
002430.SZ,2026-03-05,C35专用设备制造业,0.31319235084057695,0.0,0.03252760503993121,0.0,1.6987,2.087397,-0.01584283903675543
002432.SZ,2026-03-05,C35专用设备制造业,0.9492988953008755,0.0,0.08082158046115663,0.0,7.4145,14.893343,0.17127511438233545
002595.SZ,2026-03-05,C35专用设备制造业,0.14599296751875462,0.0,0.03054902493774949,0.0,0.7727,7.411186,-0.05641025641025643
002837.SZ,2026-03-05,C35专用设备制造业,0.03322812975172639,0.0,0.005004476604412178,0.0,4.126,17.361045,-0.04045053868756121
300003.SZ,2026-03-05,C35专用设备制造业,0.5083819473570493,0.0,0.013701232057260409,0.0,1.8394,4.973468,0.014810426540284416
300450.SZ,2026-03-05,C35专用设备制造业,0.15075727641301404,0.0,0.010220833265492552,0.0,2.4118,6.4124,0.03960396039603964
300529.SZ,2026-03-05,C35专用设备制造业,0.2205990543800935,0.0,0.032107032001881475,0.0,0.6817,7.364255,0.0031931878658861823
300604.SZ,2026-03-05,C35专用设备制造业,0.051790721153681815,0.0,0.011642183271668181,0.0,3.7708,16.993107,-0.04784103935804351
300724.SZ,2026-03-05,C35专用设备制造业,0.3359003961273372,0.0,0.08619653067583682,0.0,4.6559,2.024645,0.034319733846962075
300751.SZ,2026-03-05,C35专用设备制造业,0.10614522471209434,0.0,0.01121816795762539,0.0,3.1342,8.956489,-0.051698113207547136
300757.SZ,2026-03-05,C35专用设备制造业,0.02514299828846582,0.0,100000000.0,0.0,7.8738,130.852462,-0.042416419912433834
600031.SH,2026-03-05,C35专用设备制造业,0.3615963030393977,0.0,0.04060117510357055,0.0,0.7662,2.35729,-0.025815217391304213
600499.SH,2026-03-05,C35专用设备制造业,0.38822317242000465,0.0,0.04484234150205342,0.0,1.2472,1.946459,0.05743043220840738
600528.SH,2026-03-05,C35专用设备制造业,1.3415147848344435,0.0,0.07807257548544551,0.0,0.634,0.648171,0.04561824729891972
600582.SH,2026-03-05,C35专用设备制造业,1.022068503119353,0.0,0.11163894001952343,0.0,0.8673,0.860238,0.03980099502487544
601106.SH,2026-03-05,C35专用设备制造业,0.15567291563695518,0.0,100000000.0,0.0,1.9854,3.549186,-0.04251012145748989
601399.SH,2026-03-05,C35专用设备制造业,0.4046415624343722,0.0,0.013093113971301858,0.0,2.1539,2.633908,-0.03747534516765294
601608.SH,2026-03-05,C35专用设备制造业,0.2750756939540838,0.0,0.01116537258881825,0.0,1.1528,4.16904,-0.038147138964577665
601717.SH,2026-03-05,C35专用设备制造业,0.570410632910526,0.0,0.11133302256575635,0.0,1.4795,1.015947,-0.009234828496042069
603338.SH,2026-03-05,C35专用设备制造业,0.40653761265665417,0.0,0.06448617416425918,0.0,1.0623,3.27794,-0.01259492498610848
688012.SH,2026-03-05,C35专用设备制造业,0.10071550307695934,0.0,0.009903895274309822,0.0,1.5148,17.214569,-0.07389350641722237
688037.SH,2026-03-05,C35专用设备制造业,0.06499352112084707,0.0,0.0017217430576857823,0.0,1.7563,21.370449,-0.14705597520821234
688114.SH,2026-03-05,C35专用设备制造业,0.3336107863039428,0.0,100000000.0,0.0,0.8348,8.332976,-0.013486782952706333
688120.SH,2026-03-05,C35专用设备制造业,0.11458445888692427,0.0,0.01727046157657346,0.0,1.3259,13.522265,-0.02852641647442744
688301.SH,2026-03-05,C35专用设备制造业,0.22000820630609522,0.0,0.024978645131810688,0.0,1.2585,11.515544,-0.05702875399361018
688361.SH,2026-03-05,C35专用设备制造业,0.041924957596049764,0.0,0.0009495086002444103,0.0,2.343,29.601806,-0.011982947344164163
688425.SH,2026-03-05,C35专用设备制造业,0.6466347832609534,0.0,0.05296367512823168,0.0,0.5483,2.787459,0.03428571428571425
688617.SH,2026-03-05,C35专用设备制造业,0.09319614115785768,0.0,0.02558873145962065,0.0,0.5547,12.41143,0.035971855760773996
000519.SZ,2026-03-06,C35专用设备制造业,0.3669573947786366,0.0,100000000.0,0.0,3.9087,5.277556,-0.08554277138569277
000528.SZ,2026-03-06,C35专用设备制造业,0.8119229257805015,0.0,0.06519242685654178,0.0,1.659,0.681196,-0.06436990027198541
000967.SZ,2026-03-06,C35专用设备制造业,0.6544451221587265,0.0,0.01460798671514629,0.0,0.6548,1.94968,0.09223300970873782
002008.SZ,2026-03-06,C35专用设备制造业,0.2370148454248432,0.0,0.01579900830256845,0.0,3.4295,4.125513,-0.012079378774805916
002223.SZ,2026-03-06,C35专用设备制造业,0.36552219231438415,0.0,0.04704203229106223,0.0,0.9202,4.576522,-0.01680216802168011
002353.SZ,2026-03-06,C35专用设备制造业,0.17658737481500267,0.0,0.022616023991259178,0.0,3.1539,7.974478,-0.1409795918367347
002430.SZ,2026-03-06,C35专用设备制造业,0.31180924508175484,0.0,0.03238395033286491,0.0,1.1704,2.096657,-0.0009463722397475838
002432.SZ,2026-03-06,C35专用设备制造业,0.9731091030464154,0.0,0.08284870980532706,0.0,6.0665,14.528934,0.12785481239804253
002595.SZ,2026-03-06,C35专用设备制造业,0.1445108005927255,0.0,0.030238882636999902,0.0,0.7576,7.487199,-0.07908629441624371
002837.SZ,2026-03-06,C35专用设备制造业,0.03349054352640352,0.0,0.005043998648894346,0.0,2.8194,17.225014,-0.04027640671273447
300003.SZ,2026-03-06,C35专用设备制造业,0.49690157025865217,0.0,0.01339182382016559,0.0,2.0464,5.088376,0.023161551823972282
300450.SZ,2026-03-06,C35专用设备制造业,0.15183972042055957,0.0,0.010294217803742631,0.0,1.8151,6.366688,0.03510171519744709
300529.SZ,2026-03-06,C35专用设备制造业,0.21839072678031576,0.0,0.031785622504729306,0.0,0.6194,7.438721,-0.007903055848261453
300604.SZ,2026-03-06,C35专用设备制造业,0.0525538269434011,0.0,0.011813723802107602,0.0,2.6462,16.74636,-0.0368359829391236
300724.SZ,2026-03-06,C35专用设备制造业,0.3367849298173885,0.0,0.08642352904776913,0.0,3.9129,2.019327,0.0750526685393258
300751.SZ,2026-03-06,C35专用设备制造业,0.10755768022606903,0.0,0.01136744600815537,0.0,2.9701,8.838871,-0.05483328234934226
300757.SZ,2026-03-06,C35专用设备制造业,0.025350224120063932,0.0,100000000.0,0.0,4.3998,129.782805,-0.01033426894615963
600031.SH,2026-03-06,C35专用设备制造业,0.3624170608556232,0.0,0.040693324728051594,0.0,0.7785,2.351952,-0.03359055832955071
600499.SH,2026-03-06,C35专用设备制造业,0.38278391082666013,0.0,0.04421407731123231,0.0,1.319,1.974118,0.0321074138937536
600528.SH,2026-03-06,C35专用设备制造业,1.3069964828724645,0.0,0.07606368599449999,0.0,1.0222,0.665289,0.019883040935672502
600582.SH,2026-03-06,C35专用设备制造业,1.0170084493061968,0.0,0.11108627715670674,0.0,0.7471,0.864517,0.034653465346534684
601106.SH,2026-03-06,C35专用设备制造业,0.15662406231131695,0.0,100000000.0,0.0,1.224,3.527632,-0.03462321792260692
601399.SH,2026-03-06,C35专用设备制造业,0.40544134723294384,0.0,0.013118989682465613,0.0,1.2176,2.628713,-0.021739130434782483
601608.SH,2026-03-06,C35专用设备制造业,0.2765829394792275,0.0,0.011226552629141308,0.0,1.0842,4.14632,-0.0273972602739726
601717.SH,2026-03-06,C35专用设备制造业,0.5615210932591077,0.0,0.10959795306095028,0.0,0.903,1.03203,-0.00909090909090915
603338.SH,2026-03-06,C35专用设备制造业,0.4064622622144959,0.0,0.06447423325952323,0.0,0.8473,3.278547,-0.02314814814814814
688012.SH,2026-03-06,C35专用设备制造业,0.10197033193586391,0.0,0.010027289066649105,0.0,1.0747,17.00273,-0.06949152542372883
688037.SH,2026-03-06,C35专用设备制造业,0.070722703281979,0.0,0.0018735148109458124,0.0,3.9943,19.639248,-0.09110069023657719
688114.SH,2026-03-06,C35专用设备制造业,0.32917129152331254,0.0,100000000.0,0.0,0.828,8.445361,-0.04559971611071678
688120.SH,2026-03-06,C35专用设备制造业,0.114141322251885,0.0,0.0172036718278485,0.0,1.2642,13.574763,-0.03861674700145712
688301.SH,2026-03-06,C35专用设备制造业,0.21762681440915843,0.0,0.024708274956945213,0.0,1.4761,11.641553,-0.07766453345974555
688361.SH,2026-03-06,C35专用设备制造业,0.0428078471749582,0.0,0.0009695041340320386,0.0,2.0786,28.991284,-0.03676470588235292
688425.SH,2026-03-06,C35专用设备制造业,0.6333643681873745,0.0,0.05187673423922561,0.0,0.7514,2.845863,0.033582089552238736
688617.SH,2026-03-06,C35专用设备制造业,0.09177949425827484,0.0,0.025199764200766424,0.0,0.5541,12.603005,0.017495994110259483
000519.SZ,2026-03-09,C35专用设备制造业,0.3777280939424879,0.0,100000000.0,0.08439415370108438,4.0971,5.12707,-0.06385169927909384
000528.SZ,2026-03-09,C35专用设备制造业,0.8578080259950145,0.0,0.06887667108579389,0.10463121783876506,3.6416,0.644759,-0.04022988505747127
000967.SZ,2026-03-09,C35专用设备制造业,0.6307166581099439,0.0,0.014078340530814538,0.015439429928741255,1.7971,2.023029,0.0350877192982455
002008.SZ,2026-03-09,C35专用设备制造业,0.24320515205794122,0.0,0.016211642867947917,0.09179844545698213,5.4072,4.020506,-0.006049874575770886
002223.SZ,2026-03-09,C35专用设备制造业,0.37084876527757843,0.0,0.047727548245392146,0.041886195995785136,0.8656,4.510789,-0.01292273852075887
002353.SZ,2026-03-09,C35专用设备制造业,0.18254814205239242,0.0,0.02337943407040506,0.05192415393231453,2.9578,7.714087,-0.14396624472573838
002430.SZ,2026-03-09,C35专用设备制造业,0.31731465492348593,0.0,0.032955737478549935,0.06708595387840677,1.4264,2.060279,-0.0321027287319422
002432.SZ,2026-03-09,C35专用设备制造业,0.9485443164647375,0.0,0.08075732279138009,0.03030923612533276,8.7408,14.905193,0.0805008944543828
002595.SZ,2026-03-09,C35专用设备制造业,0.15142888293941634,0.0,0.03168648931189366,0.02671360530130462,0.7751,7.145144,-0.05585106382978722
002837.SZ,2026-03-09,C35专用设备制造业,0.03497517654332426,0.0,0.005267598591246076,0.1265195857721747,4.823,16.493843,0.08329896907216483
300003.SZ,2026-03-09,C35专用设备制造业,0.4992139875765607,0.0,0.013454147632523422,0.03263927968486202,1.7071,5.064805,0.07097149505526468
300450.SZ,2026-03-09,C35专用设备制造业,0.15333822686728008,0.0,0.010395812342239,0.06813063063063063,2.6779,6.304468,0.03423967774420955
300529.SZ,2026-03-09,C35专用设备制造业,0.22154228433578635,0.0,0.032244313876469456,0.03307493540051687,1.0171,7.332901,0.010689470871191764
300604.SZ,2026-03-09,C35专用设备制造业,0.053402805398895456,0.0,0.012004568026243617,0.09486447931526376,4.4361,16.480132,-0.026162332545311306
300724.SZ,2026-03-09,C35专用设备制造业,0.33003474605806504,0.0,0.08469133776150463,0.025810776837341787,7.136,2.060628,0.03131182795698928
300751.SZ,2026-03-09,C35专用设备制造业,0.1089280240652505,0.0,0.011512273949018034,0.06207322388493386,3.3802,8.727676,-0.029160051117221197
300757.SZ,2026-03-09,C35专用设备制造业,0.027129308921006616,0.0,100000000.0,0.13788638557336907,7.8279,121.271914,0.03473511742217372
600031.SH,2026-03-09,C35专用设备制造业,0.37536663936499975,0.0,0.04214734128881259,0.07400957771005656,1.048,2.270814,-0.019746121297602115
600499.SH,2026-03-09,C35专用设备制造业,0.3807833856593169,0.0,0.043982994415039375,0.02601809954751133,1.3274,1.98449,-0.022067363530778095
600528.SH,2026-03-09,C35专用设备制造业,1.3162328363238143,0.0,0.07660123976042502,0.0,0.8213,0.66062,0.002355712603062443
600582.SH,2026-03-09,C35专用设备制造业,1.007038189909276,0.0,0.10999719397158178,0.0032573289902279035,1.6001,0.873077,0.004901960784313708
601106.SH,2026-03-09,C35专用设备制造业,0.1572646518758213,0.0,100000000.0,0.05415860735009681,1.1706,3.513263,-0.04907975460122682
601399.SH,2026-03-09,C35专用设备制造业,0.4078594516329673,0.0,0.013197234128950148,0.04372623574144474,1.2354,2.613128,-0.055666003976143186
601608.SH,2026-03-09,C35专用设备制造业,0.2867976433264053,0.0,0.011641169653039943,0.09859154929577463,1.6402,3.998643,-0.045454545454545525
601717.SH,2026-03-09,C35专用设备制造业,0.5777788562983095,0.0,0.11277117803253539,0.11857086768747549,1.6027,1.002991,0.00044543429844101645
603338.SH,2026-03-09,C35专用设备制造业,0.4264419601831142,0.0,0.0676434516369952,0.11821140997087543,1.9021,3.124941,0.015737322712259694
688012.SH,2026-03-09,C35专用设备制造业,0.10593624333131348,0.0,0.010417278790308918,0.07283611158847458,1.8128,16.366202,-0.009082203206573825
688037.SH,2026-03-09,C35专用设备制造业,0.07379845052773272,0.0,0.0019549943717276034,0.1578849893508658,4.7662,18.82073,-0.040576204090609136
688114.SH,2026-03-09,C35专用设备制造业,0.33548097068064053,0.0,100000000.0,0.11078951599935682,0.8769,8.286523,-0.0061482820976491714
688120.SH,2026-03-09,C35专用设备制造业,0.11771051171349071,0.0,0.01774162838200678,0.09890625000000008,1.9072,13.163153,0.0005202011444425114
688301.SH,2026-03-09,C35专用设备制造业,0.2290646374593983,0.0,0.026006872316009507,0.07804952848271107,2.036,11.060257,-0.03467775467775469
688361.SH,2026-03-09,C35专用设备制造业,0.04231008136270956,0.0,0.000958230830223562,0.061647572285870256,3.1582,29.332357,-0.025232558139534955
688425.SH,2026-03-09,C35专用设备制造业,0.6381262571087265,0.0,0.05226678430177587,0.02025782688766109,0.6021,2.824625,0.001879699248120259
688617.SH,2026-03-09,C35专用设备制造业,0.09335625540591067,0.0,0.025632692387005773,0.04865476489816445,0.686,12.390144,0.05030615391392468
000519.SZ,2026-03-10,C35专用设备制造业,0.3738776193866014,0.0,100000000.0,0.010590015128592922,3.989,5.179872,-0.10091743119266061
000528.SZ,2026-03-10,C35专用设备制造业,0.8393169638548149,0.0,0.06739198412783991,0.044762757385855,2.1319,0.658963,-0.060918462980318666
000967.SZ,2026-03-10,C35专用设备制造业,0.6127984175093666,0.0,0.013678387622306672,0.08374384236453225,1.5749,2.082182,-0.001136363636363824
002008.SZ,2026-03-10,C35专用设备制造业,0.2257500941942268,0.0,0.015048117257818912,0.03633782824698373,4.6734,4.331373,-0.12710587590741007
002223.SZ,2026-03-10,C35专用设备制造业,0.3673139105083735,0.0,0.047272629289459286,0.00027225701061794894,0.7266,4.554197,-0.024237472766884594
002353.SZ,2026-03-10,C35专用设备制造业,0.18056721217225247,0.0,0.023125733851803033,0.02577864519801576,3.3031,7.798714,-0.1594323873121869
002430.SZ,2026-03-10,C35专用设备制造业,0.3216515908566032,0.0,0.03340615764345748,0.057651027292241586,1.2228,2.0325,-0.06280507647250244
002432.SZ,2026-03-10,C35专用设备制造业,0.8970162548315537,0.0,0.07637031446164312,0.05346534653465351,9.3634,15.761405,0.02443609022556381
002595.SZ,2026-03-10,C35专用设备制造业,0.14863019440234906,0.0,0.031100866485690725,0.012474891637593855,0.4858,7.279685,-0.07069019525947584
002837.SZ,2026-03-10,C35专用设备制造业,0.034199517041260244,0.0,0.00515077683604179,0.03125,4.3517,16.867931,0.020967741935483897
300003.SZ,2026-03-10,C35专用设备制造业,0.4937564496936241,0.0,0.013307065540810853,0.021751910640799288,1.2785,5.120786,0.02589182968929804
300450.SZ,2026-03-10,C35专用设备制造业,0.14966076394636277,0.0,0.010146492625366816,0.014356929212362868,2.5097,6.459382,-0.020247690190682066
300529.SZ,2026-03-10,C35专用设备制造业,0.21839072678031576,0.0,0.031785622504729306,0.0015781167806417917,0.7047,7.438721,0.00474183350895685
300604.SZ,2026-03-10,C35专用设备制造业,0.05108794590644806,0.0,0.011484204194892687,0.02909231962761827,3.6574,17.226868,-0.08330192235205436
300724.SZ,2026-03-10,C35专用设备制造业,0.3210589294033152,0.0,0.08238802005686915,0.033111437710728886,7.2012,2.118237,0.005690376569037703
300751.SZ,2026-03-10,C35专用设备制造业,0.10564291637834955,0.0,0.0111650811283824,0.014826390212295593,3.9888,8.999074,-0.04041162773229168
300757.SZ,2026-03-10,C35专用设备制造业,0.02546327889623816,0.0,100000000.0,0.1032866007814296,5.6678,129.206581,-0.12910088168956324
600031.SH,2026-03-10,C35专用设备制造业,0.36192413346314345,0.0,0.04063798548728135,0.00585849481748546,0.9076,2.355155,-0.058930190389845705
600499.SH,2026-03-10,C35专用设备制造业,0.3665225622126234,0.0,0.04233578372849554,0.09085365853658556,1.7122,2.061703,-0.0709893795416433
600528.SH,2026-03-10,C35专用设备制造业,1.3039458705990197,0.0,0.07588617407787485,0.020238095238095166,0.8754,0.666845,-0.015169194865811031
600582.SH,2026-03-10,C35专用设备制造业,1.0153335675369428,0.0,0.11090326606791473,0.0016447368421051989,0.9784,0.865944,0.0016474464579900872
601106.SH,2026-03-10,C35专用设备制造业,0.15630573276283824,0.0,100000000.0,0.04680851063829783,1.1302,3.534817,-0.07317073170731714
601399.SH,2026-03-10,C35专用设备制造业,0.40384508986966705,0.0,0.013067340132984752,0.04742268041237119,1.06,2.639104,-0.07677165354330706
601608.SH,2026-03-10,C35专用设备制造业,0.2796476104531158,0.0,0.011350946650221566,0.017687074829931926,0.9831,4.100881,-0.09002770083102485
601717.SH,2026-03-10,C35专用设备制造业,0.5666727300648784,0.0,0.1106034413154731,0.03621052631578947,0.7832,1.022648,-0.017038007863695914
603338.SH,2026-03-10,C35专用设备制造业,0.4108753782107856,0.0,0.0651742502012092,0.05451327433628317,1.0298,3.243333,-0.020591538749532012
688012.SH,2026-03-10,C35专用设备制造业,0.10477747569267341,0.0,0.010303331310171197,0.018620689655172384,1.454,16.547201,-0.04363103058449702
688037.SH,2026-03-10,C35专用设备制造业,0.07278992500090077,0.0,0.0019282775283614001,0.11346153846153839,2.6929,19.081497,-0.07733188720173545
688114.SH,2026-03-10,C35专用设备制造业,0.33063797258085426,0.0,100000000.0,0.03225250086236631,0.5943,8.407899,-0.03920869720192488
688120.SH,2026-03-10,C35专用设备制造业,0.11504403195278962,0.0,0.017339730561047963,0.021934913531134304,1.2438,13.468246,-0.03293413173652704
688301.SH,2026-03-10,C35专用设备制造业,0.22540936030401412,0.0,0.02559186891046278,0.020754868178539998,1.3571,11.239612,-0.06129296235679227
688361.SH,2026-03-10,C35专用设备制造业,0.04201694089443311,0.0,0.000951591817225042,0.020023557126030544,1.8947,29.537002,-0.06010392609699766
688425.SH,2026-03-10,C35专用设备制造业,0.6321847800249839,0.0,0.05178012831944279,0.020912547528517234,0.6045,2.851172,-0.016759776536312776
688617.SH,2026-03-10,C35专用设备制造业,0.09154558237637685,0.0,0.025135540258903605,0.019898391193903464,0.5835,12.635207,0.03386609071274305
000519.SZ,2026-03-11,C35专用设备制造业,0.37483282456024614,0.0,100000000.0,0.05413243112614796,4.264,5.166672,-0.0996423096576392
000528.SZ,2026-03-11,C35专用设备制造业,0.8401045762176476,0.0,0.06745519996621843,0.025594149908592212,1.7682,0.658346,-0.07129455909943716
000967.SZ,2026-03-11,C35专用设备制造业,0.5682431626141459,0.0,0.012683857911060433,0.17596034696406448,3.7338,2.245444,-0.07692307692307698
002008.SZ,2026-03-11,C35专用设备制造业,0.22780942556942105,0.0,0.015185390997851175,0.03283369022127047,3.7037,4.292218,-0.09979267449896334
002223.SZ,2026-03-11,C35专用设备制造业,0.3698317857105874,0.0,0.04759668171166044,0.004683195592286582,0.8812,4.523191,-0.015355086372360938
002353.SZ,2026-03-11,C35专用设备制造业,0.19312520616115758,0.0,0.024734067958236825,0.031139174811867454,4.4091,7.291602,-0.08222480135702182
002430.SZ,2026-03-11,C35专用设备制造业,0.3256787960306268,0.0,0.03382442222728611,0.06471494607087835,0.9405,2.007367,-0.0632619439868205
002432.SZ,2026-03-11,C35专用设备制造业,0.8154691230771238,0.0,0.06942756004754955,0.14767601490488325,10.0416,17.337546,0.02443609022556381
002595.SZ,2026-03-11,C35专用设备制造业,0.15322190423569698,0.0,0.032061678461570375,0.01931806186002316,0.6319,7.06153,-0.03972012917115186
002837.SZ,2026-03-11,C35专用设备制造业,0.03385482516064876,0.0,0.005098863001989755,0.02215066354410622,4.5617,17.039671,0.06456441472906915
300003.SZ,2026-03-11,C35专用设备制造业,0.49347259129859783,0.0,0.013299413445329289,0.03820895522388068,2.0698,5.123732,0.04485336400230033
300450.SZ,2026-03-11,C35专用设备制造业,0.14595252485462032,0.0,0.009895086553212638,0.04676836611802493,5.2406,6.623496,-0.0508149568552253
300529.SZ,2026-03-11,C35专用设备制造业,0.21954745122972918,0.0,0.03195397911238684,0.00908605024051301,0.6154,7.399529,0.0015889830508475367
300604.SZ,2026-03-11,C35专用设备制造业,0.05254567506532216,0.0,0.011811891749587328,0.0010069713400464586,3.6171,16.748957,-0.0024811971776381725
300724.SZ,2026-03-11,C35专用设备制造业,0.31897682441984493,0.0,0.08185374503802598,0.0467322252197373,9.0818,2.132064,-0.0062354506152311195
300751.SZ,2026-03-11,C35专用设备制造业,0.1079788253523484,0.0,0.011411955881652449,0.004927613736200875,3.9304,8.804397,0.0249520153550864
300757.SZ,2026-03-11,C35专用设备制造业,0.025984758691758866,0.0,100000000.0,0.08500658130908234,4.6685,126.613574,-0.07673998901472545
600031.SH,2026-03-11,C35专用设备制造业,0.3588336041928989,0.0,0.04029096361117592,0.010904134484325256,0.7525,2.37544,-0.06966292134831464
600499.SH,2026-03-11,C35专用设备制造业,0.36879017277450804,0.0,0.04259770337038141,0.07822922983626457,1.4987,2.049026,-0.07536557930258714
600528.SH,2026-03-11,C35专用设备制造业,1.2800491538875092,0.0,0.07449536467492383,0.05434782608695676,1.7281,0.679295,-0.05040091638029798
600582.SH,2026-03-11,C35专用设备制造业,1.0021255082028984,0.0,0.10946062728601678,0.03015075376884435,1.0514,0.877357,-0.00975609756097573
601106.SH,2026-03-11,C35专用设备制造业,0.15856168065233545,0.0,100000000.0,0.02320675105485215,1.0825,3.484525,-0.05567010309278342
601399.SH,2026-03-11,C35专用设备制造业,0.4119544230104558,0.0,0.013329736437253104,0.014256619144602967,1.3182,2.587153,-0.06224899598393585
601608.SH,2026-03-11,C35专用设备制造业,0.280424360576373,0.0,0.011382476949915054,0.0,0.8658,4.089521,-0.08888888888888902
601717.SH,2026-03-11,C35专用设备制造业,0.5724245902155465,0.0,0.11172607626287895,0.010480349344978102,1.0264,1.012373,-0.009267431597528741
603338.SH,2026-03-11,C35专用设备制造业,0.40850490879923657,0.0,0.06479822286985885,0.007756232686980669,1.1115,3.262154,-0.021961660152614915
688012.SH,2026-03-11,C35专用设备制造业,0.10706406563798085,0.0,0.010528183932595282,0.03738654805553887,1.533,16.193799,0.0019669060256009008
688037.SH,2026-03-11,C35专用设备制造业,0.07526754979588193,0.0,0.001993912274774798,0.12527591111983127,3.5657,18.45338,-0.0415521785453935
688114.SH,2026-03-11,C35专用设备制造业,0.3337308067241418,0.0,100000000.0,0.0005399568034556435,0.4954,8.329979,-0.0375966900521677
688120.SH,2026-03-11,C35专用设备制造业,0.11612644451135909,0.0,0.017502874672136154,0.017039403620873195,1.0295,13.342709,-0.0014255573929405907
688301.SH,2026-03-11,C35专用设备制造业,0.22834308548594265,0.0,0.02592494701913015,0.015345686066443598,1.073,11.095208,-0.022796982508497043
688361.SH,2026-03-11,C35专用设备制造业,0.042757545263671884,0.0,0.0009683648808632211,0.00925548634961293,1.845,29.025391,-0.042420681551116335
688425.SH,2026-03-11,C35专用设备制造业,0.6251992822712239,0.0,0.05120797304043602,0.04826254826254828,0.7733,2.883029,-0.034990791896869156
688617.SH,2026-03-11,C35专用设备制造业,0.09018214086991497,0.0,0.024761180886468104,0.021339475857273138,0.5576,12.826236,0.0010638297872340718
000519.SZ,2026-03-12,C35专用设备制造业,0.3866883315249209,0.0,100000000.0,0.07191780821917815,3.6693,5.008266,-0.09963099630996308
000528.SZ,2026-03-12,C35专用设备制造业,0.8586300043103225,0.0,0.06894270909134406,0.051818181818181874,2.7038,0.644141,-0.07574304889741124
000967.SZ,2026-03-12,C35专用设备制造业,0.5798523348044187,0.0,0.012942990514457598,0.13970588235294135,2.4077,2.200488,-0.06559139784946244
002008.SZ,2026-03-12,C35专用设备制造业,0.23296132515856516,0.0,0.015528806082807265,0.010212646894236177,2.7902,4.197297,-0.10954063604240283
002223.SZ,2026-03-12,C35专用设备制造业,0.37187121504828935,0.0,0.04785913868578135,0.0,0.6275,4.498386,-0.022883926109732666
002353.SZ,2026-03-12,C35专用设备制造业,0.19942800060865426,0.0,0.0255412823491196,0.12105988169516246,3.3181,7.061156,-0.09661657601180051
002430.SZ,2026-03-12,C35专用设备制造业,0.31823408089701277,0.0,0.033051231160013274,0.01584283903675543,2.5062,2.054327,-0.07630392788151952
002432.SZ,2026-03-12,C35专用设备制造业,0.8104831127738622,0.0,0.0690030691875144,0.17127511438233545,11.3244,17.444202,0.12007472826086962
002595.SZ,2026-03-12,C35专用设备制造业,0.1547208024439698,0.0,0.032375325857654756,0.05641025641025643,0.4311,6.993119,-0.057826086956521694
002837.SZ,2026-03-12,C35专用设备制造业,0.03462888775059887,0.0,0.005215444129619954,0.04045053868756121,3.3241,16.658782,0.0622639583545983
300003.SZ,2026-03-12,C35专用设备制造业,0.5009625996351991,0.0,0.013501272602953009,0.014810426540284416,1.6847,5.047127,0.009924109748978394
300450.SZ,2026-03-12,C35专用设备制造业,0.1449794977243293,0.0,0.009829119286830557,0.03960396039603964,3.5731,6.667949,-0.08247619047619048
300529.SZ,2026-03-12,C35专用设备制造业,0.21989688595223927,0.0,0.03200483401012889,0.0031931878658861823,0.5696,7.387771,-0.011671087533156599
300604.SZ,2026-03-12,C35专用设备制造业,0.05439293675080528,0.0,0.01222714245151614,0.04784103935804351,3.5819,16.180139,-0.0019263183241031712
300724.SZ,2026-03-12,C35专用设备制造业,0.3247548263438517,0.0,0.0833364515055605,0.034319733846962075,5.9669,2.09413,-0.0011850347045877507
300751.SZ,2026-03-12,C35专用设备制造业,0.11193188273344372,0.0,0.011829743305926815,0.051698113207547136,3.9946,8.493455,-0.0028651014723437562
300757.SZ,2026-03-12,C35专用设备制造业,0.026256713940217193,0.0,100000000.0,0.042416419912433834,5.678,125.302169,-0.07431878848745943
600031.SH,2026-03-12,C35专用设备制造业,0.37117843958068714,0.0,0.041677078990234394,0.025815217391304213,1.2238,2.296436,-0.08135750813575082
600499.SH,2026-03-12,C35专用设备制造业,0.3671381944877871,0.0,0.042406894920082296,0.05743043220840738,1.1579,2.058245,-0.14277715565509508
600528.SH,2026-03-12,C35专用设备制造业,1.2829872047686068,0.0,0.0746664221590229,0.04561824729891972,1.183,0.677739,-0.07003444316877161
600582.SH,2026-03-12,C35专用设备制造业,0.98294685501239,0.0,0.10736568311469566,0.03980099502487544,1.8611,0.894476,-0.03189792663476865
601106.SH,2026-03-12,C35专用设备制造业,0.16258438942733225,0.0,100000000.0,0.04251012145748989,1.4288,3.39831,-0.05708245243128973
601399.SH,2026-03-12,C35专用设备制造业,0.42039610561863594,0.0,0.013602886869945397,0.03747534516765294,1.8923,2.535202,-0.07172131147540972
601608.SH,2026-03-12,C35专用设备制造业,0.28598523629816136,0.0,0.011608191812739992,0.038147138964577665,0.8475,4.010003,-0.10339943342776203
601717.SH,2026-03-12,C35专用设备制造业,0.5757274460212339,0.0,0.11237073713180884,0.009234828496042069,0.9764,1.006565,-0.025299600532623145
603338.SH,2026-03-12,C35专用设备制造业,0.4117232429298885,0.0,0.06530873266575618,0.01259492498610848,1.082,3.236654,-0.047458262990058175
688012.SH,2026-03-12,C35专用设备制造业,0.10875152918243972,0.0,0.010694121413654199,0.07389350641722237,1.1634,15.942525,-0.0039006754828273538
688037.SH,2026-03-12,C35专用设备制造业,0.07619904531740103,0.0,0.0020185885684761724,0.14705597520821234,2.6167,18.227796,-0.05921089980130578
688114.SH,2026-03-12,C35专用设备制造业,0.33817166811291416,0.0,100000000.0,0.013486782952706333,0.4966,8.220591,-0.04210718191760854
688120.SH,2026-03-12,C35专用设备制造业,0.1179491195805918,0.0,0.01777759257476891,0.02852641647442744,0.9931,13.136524,-0.018243947642766156
688301.SH,2026-03-12,C35专用设备制造业,0.23331380496785753,0.0,0.026489297158418926,0.05702875399361018,1.202,10.858827,-0.03430459088599014
688361.SH,2026-03-12,C35专用设备制造业,0.04243343530653617,0.0,0.0009610245065564172,0.011982947344164163,2.0645,29.247089,-0.061865889212828096
688425.SH,2026-03-12,C35专用设备制造业,0.6251992822712239,0.0,0.05120797304043602,0.03428571428571425,0.7389,2.883029,-0.05156537753222823
688617.SH,2026-03-12,C35专用设备制造业,0.08996010988807343,0.0,0.02470021899955172,0.035971855760773996,0.5096,12.857892,-0.006706851175821482
000519.SZ,2026-03-13,C35专用设备制造业,0.40128443120740864,0.0,100000000.0,0.08554277138569277,3.4589,4.826099,-0.08424507658643343
000528.SZ,2026-03-13,C35专用设备制造业,0.8677821137957397,0.0,0.06967756428417242,0.06436990027198541,2.4148,0.637348,-0.0794573643410853
000967.SZ,2026-03-13,C35专用设备制造业,0.5991809196827936,0.0,0.013374423485444844,0.09223300970873782,1.6334,2.129505,-0.06222222222222229
002008.SZ,2026-03-13,C35专用设备制造业,0.23991286364792305,0.0,0.015992183788189156,0.012079378774805916,2.7189,4.075679,-0.05982532751091707
002223.SZ,2026-03-13,C35专用设备制造业,0.3717686335086222,0.0,0.04784594676889623,0.01680216802168011,0.7275,4.499626,-0.03528114663726578
002353.SZ,2026-03-13,C35专用设备制造业,0.20556831106925738,0.0,0.02632769097567316,0.1409795918367347,3.4496,6.850239,-0.08619215052741624
002430.SZ,2026-03-13,C35专用设备制造业,0.31210460248173094,0.0,0.03241462716533761,0.0009463722397475838,2.4778,2.094672,-0.12346068834859492
002432.SZ,2026-03-13,C35专用设备制造业,0.8627963921306067,0.0,0.07345689468617231,0.12785481239804253,9.3562,16.386529,0.12746338817573677
002595.SZ,2026-03-13,C35专用设备制造业,0.15692110744246998,0.0,0.03283573944328514,0.07908629441624371,0.3745,6.895064,-0.05093154007275924
002837.SZ,2026-03-13,C35专用设备制造业,0.03489602989612673,0.0,0.0052556784833642355,0.04027640671273447,2.6349,16.531252,0.08002468627854342
300003.SZ,2026-03-13,C35专用设备制造业,0.48565307955046005,0.0,0.013088669966922446,0.023161551823972282,3.5674,5.206231,-0.05149971703452183
300450.SZ,2026-03-13,C35专用设备制造业,0.14665556386277848,0.0,0.00994275073497062,0.03510171519744709,3.1889,6.591744,-0.05568400770712911
300529.SZ,2026-03-13,C35专用设备制造业,0.2201304448990383,0.0,0.03203882798378887,0.007903055848261453,0.5966,7.379932,-0.030801911842803897
300604.SZ,2026-03-13,C35专用设备制造业,0.054563735380942995,0.0,0.012265536902781196,0.0368359829391236,2.8748,16.129491,-0.004669887278582863
300724.SZ,2026-03-13,C35专用设备制造业,0.3132729029903465,0.0,0.08039003960978032,0.0750526685393258,8.9895,2.170883,0.05413570670368251
300751.SZ,2026-03-13,C35专用设备制造业,0.11379756823700482,0.0,0.012026921638688279,0.05483328234934226,2.9592,8.354207,0.10688567036167984
300757.SZ,2026-03-13,C35专用设备制造业,0.025614935843679014,0.0,100000000.0,0.01033426894615963,4.2163,128.441594,-0.06536031971122858
600031.SH,2026-03-13,C35专用设备制造业,0.37501401614885355,0.0,0.042107748844794964,0.03359055832955071,0.6711,2.272949,-0.0873649600751526
600499.SH,2026-03-13,C35专用设备制造业,0.37087599798095106,0.0,0.04283864084816054,0.0321074138937536,1.4307,2.037502,-0.12104072398190047
600528.SH,2026-03-13,C35专用设备制造业,1.2815156742182114,0.0,0.07458079255218307,0.019883040935672502,1.3501,0.678517,-0.08600917431192667
600582.SH,2026-03-13,C35专用设备制造业,0.98294685501239,0.0,0.10736568311469566,0.034653465346534684,1.4617,0.894476,-0.04146730462519932
601106.SH,2026-03-13,C35专用设备制造业,0.16224139735270712,0.0,100000000.0,0.03462321792260692,1.3438,3.405494,-0.08860759493670889
601399.SH,2026-03-13,C35专用设备制造业,0.4144510802667407,0.0,0.013410522692689733,0.021739130434782483,1.7796,2.571567,-0.08888888888888902
601608.SH,2026-03-13,C35专用设备制造业,0.2843739904723338,0.0,0.011542793637704489,0.0273972602739726,1.0883,4.032722,-0.12394366197183093
601717.SH,2026-03-13,C35专用设备制造业,0.5666727300648784,0.0,0.1106034413154731,0.00909090909090915,1.9354,1.022648,-0.04237658366098729
603338.SH,2026-03-13,C35专用设备制造业,0.41609419040969464,0.0,0.06600205675609264,0.02314814814814814,0.8495,3.202655,-0.05023696682464451
688012.SH,2026-03-13,C35专用设备制造业,0.10958559440377053,0.0,0.010776139484883937,0.06949152542372883,1.0686,15.821185,-0.01160003834723422
688037.SH,2026-03-13,C35专用设备制造业,0.07781137154058423,0.0,0.0020613007296957173,0.09110069023657719,2.2283,17.850099,-0.043420289855072514
688114.SH,2026-03-13,C35专用设备制造业,0.34489858774375276,0.0,100000000.0,0.04559971611071678,0.6506,8.060255,-0.04127161182375905
688120.SH,2026-03-13,C35专用设备制造业,0.11872613975610088,0.0,0.0178947070427089,0.03861674700145712,1.1589,13.05055,-0.00717075730192962
688301.SH,2026-03-13,C35专用设备制造业,0.2359518960150556,0.0,0.026788815808701707,0.07766453345974555,0.8897,10.737417,-0.031180400890868598
688361.SH,2026-03-13,C35专用设备制造业,0.04444173448623488,0.0,0.001006508108605965,0.03676470588235292,5.0982,27.925428,0.0040305343511450875
688425.SH,2026-03-13,C35专用设备制造业,0.6127856500307619,0.0,0.05019120842762588,0.033582089552238736,1.5438,2.941433,-0.09386281588447665
688617.SH,2026-03-13,C35专用设备制造业,0.09020133027117858,0.0,0.02476645051416761,0.017495994110259483,0.6107,12.823507,-0.014300915088316546
000519.SZ,2026-03-16,C35专用设备制造业,0.40349165538907494,0.0,100000000.0,0.06385169927909384,2.589,4.799698,-0.136963696369637
000528.SZ,2026-03-16,C35专用设备制造业,0.8937636745842211,0.0,0.07176371824473408,0.04022988505747127,2.7634,0.61882,-0.10079840319361277
000967.SZ,2026-03-16,C35专用设备制造业,0.6093362500228501,0.0,0.013601108697095665,0.0350877192982455,1.4599,2.094013,-0.06440677966101693
002008.SZ,2026-03-16,C35专用设备制造业,0.24468549227907166,0.0,0.016310318289011076,0.006049874575770886,3.4147,3.996183,-0.11074821852731598
002223.SZ,2026-03-16,C35专用设备制造业,0.37570383417033887,0.0,0.048352394572559756,0.01292273852075887,1.1576,4.452497,-0.06880222841225625
002353.SZ,2026-03-16,C35专用设备制造业,0.21324876171775292,0.0,0.027311345515285884,0.14396624472573838,3.7105,6.603519,-0.07531545741324919
002430.SZ,2026-03-16,C35专用设备制造业,0.327839185699917,0.0,0.03404879730624983,0.0321027287319422,2.1051,1.994139,-0.028855721393034717
002432.SZ,2026-03-16,C35专用设备制造业,0.877874490284124,0.0,0.07474063318620142,0.0805008944543828,5.7372,16.105075,0.11331861662987497
002595.SZ,2026-03-16,C35专用设备制造业,0.16038664729837515,0.0,0.03356090085244017,0.05585106382978722,0.7987,6.74608,-0.05847887323943657
002837.SZ,2026-03-16,C35专用设备制造业,0.03228580218611687,0.0,0.004862552939100103,0.08329896907216483,7.469,17.867764,-0.06737723639132087
300003.SZ,2026-03-16,C35专用设备制造业,0.4661320132474718,0.0,0.012562563766003357,0.07097149505526468,4.9119,5.424262,-0.1569799022270505
300450.SZ,2026-03-16,C35专用设备制造业,0.1482263677513971,0.0,0.010049245624736828,0.03423967774420955,2.4464,6.52189,-0.0810126582278482
300529.SZ,2026-03-16,C35专用设备制造业,0.21919912530781036,0.0,0.03190328557262601,0.010689470871191764,0.6174,7.411286,-0.0724484399788472
300604.SZ,2026-03-16,C35专用设备制造业,0.05483748007959989,0.0,0.01232707304572316,0.026162332545311306,3.6273,16.048974,-0.053244861628095164
300724.SZ,2026-03-16,C35专用设备制造业,0.32001443905149,0.0,0.08212001018288126,0.03131182795698928,4.7701,2.125151,0.07106514304779377
300751.SZ,2026-03-16,C35专用设备制造业,0.11219977304229908,0.0,0.011858055424290175,0.029160051117221197,2.6551,8.473176,0.14359792580773845
300757.SZ,2026-03-16,C35专用设备制造业,0.02621860263342791,0.0,100000000.0,0.03473511742217372,4.2936,125.484308,-0.10566874274253146
600031.SH,2026-03-16,C35专用设备制造业,0.3829278510318757,0.0,0.04299635214648754,0.019746121297602115,0.8478,2.225974,-0.10551558752997614
600499.SH,2026-03-16,C35专用设备制造业,0.38937580333095423,0.0,0.04497548498752042,0.022067363530778095,2.0584,1.940697,-0.10866983372921613
600528.SH,2026-03-16,C35专用设备制造业,1.3131407306052396,0.0,0.07642121293915068,0.002355712603062443,1.4561,0.662177,-0.1233842538190364
600582.SH,2026-03-16,C35专用设备制造业,1.0021255082028984,0.0,0.10946062728601678,0.004901960784313708,1.1997,0.877357,-0.07317073170731714
601106.SH,2026-03-16,C35专用设备制造业,0.1653815418322687,0.0,100000000.0,0.04907975460122682,1.3692,3.340833,-0.10752688172043012
601399.SH,2026-03-16,C35专用设备制造业,0.4319016369935846,0.0,0.013975176285668703,0.055666003976143186,1.8959,2.467666,-0.09684210526315784
601608.SH,2026-03-16,C35专用设备制造业,0.3036199698141026,0.0,0.01220038150592969,0.045454545454545525,1.8531,3.796054,-0.11904761904761907
601717.SH,2026-03-16,C35专用设备制造业,0.5775215892008083,0.0,0.11272096691143649,0.00044543429844101645,1.4989,1.003437,-0.06188780053428322
603338.SH,2026-03-16,C35专用设备制造业,0.4198348453685289,0.0,0.0665954184483161,0.015737322712259694,1.0271,3.174119,-0.09946442234123953
688012.SH,2026-03-16,C35专用设备制造业,0.10690719931254396,0.0,0.010512757762438986,0.009082203206573825,1.7346,16.217561,-0.0725441905415094
688037.SH,2026-03-16,C35专用设备制造业,0.07691955045753288,0.0,0.0020376755075640317,0.040576204090609136,2.1732,18.057056,-0.10343839541547284
688114.SH,2026-03-16,C35专用设备制造业,0.337556274850471,0.0,100000000.0,0.0061482820976491714,0.7373,8.235576,-0.1084425036390102
688120.SH,2026-03-16,C35专用设备制造业,0.11764931492215674,0.0,0.017732403944942094,0.0005202011444425114,1.313,13.17,-0.061929520508376634
688301.SH,2026-03-16,C35专用设备制造业,0.2372934686633805,0.0,0.026941129967028368,0.03467775467775469,1.0268,10.676712,-0.056254307374224655
688361.SH,2026-03-16,C35专用设备制造业,0.0434053097541801,0.0,0.0009830353258630034,0.025232558139534955,3.0965,28.592227,-0.07133484432780635
688425.SH,2026-03-16,C35专用设备制造业,0.6369292874735754,0.0,0.05216872157521994,0.001879699248120259,1.3224,2.829935,-0.10694183864915574
688617.SH,2026-03-16,C35专用设备制造业,0.08888480413833426,0.0,0.024404972005422687,0.05030615391392468,0.7116,13.013444,-0.07100616533154391
000519.SZ,2026-03-17,C35专用设备制造业,0.4158434698644475,0.0,100000000.0,0.10091743119266061,2.6185,4.657133,-0.05725623582766448
000528.SZ,2026-03-17,C35专用设备制造业,0.8934737993275716,0.0,0.0717404167716468,0.060918462980318666,1.78,0.619021,-0.07684630738522946
000967.SZ,2026-03-17,C35专用设备制造业,0.613495803381957,0.0,0.013693948869944527,0.001136363636363824,1.0422,2.079816,-0.018202502844140933
002008.SZ,2026-03-17,C35专用设备制造业,0.25862254014403724,0.0,0.017239338232144137,0.12710587590741007,3.0671,3.78083,-0.030911658559548028
002223.SZ,2026-03-17,C35专用设备制造业,0.3764378514282617,0.0,0.04844685910049783,0.024237472766884594,0.8052,4.443815,-0.058610103265420044
002353.SZ,2026-03-17,C35专用设备制造业,0.21481580296750846,0.0,0.02751204504844266,0.1594323873121869,3.025,6.555346,-0.01688182720953324
002430.SZ,2026-03-17,C35专用设备制造业,0.34320670378790374,0.0,0.035644834300710374,0.06280507647250244,1.8062,1.904849,-0.036111111111111094
002432.SZ,2026-03-17,C35专用设备制造业,0.8756191722071469,0.0,0.07454863966997019,0.02443609022556381,5.7762,16.146552,0.11651376146788994
002595.SZ,2026-03-17,C35专用设备制造业,0.1599361279079587,0.0,0.03346662868427422,0.07069019525947584,0.4106,6.765083,-0.04067415730337087
002837.SZ,2026-03-17,C35专用设备制造业,0.03349715676133409,0.0,0.005044994693270982,0.020967741935483897,5.6887,17.221613,-0.028436018957345932
300003.SZ,2026-03-17,C35专用设备制造业,0.4812949529486054,0.0,0.012971216908593482,0.02589182968929804,2.8657,5.253373,-0.10936623667975309
300450.SZ,2026-03-17,C35专用设备制造业,0.15271717451235878,0.0,0.010353707175397587,0.020247690190682066,2.4604,6.330107,-0.05176565008025691
300529.SZ,2026-03-17,C35专用设备制造业,0.21736002340532734,0.0,0.031635612411359385,0.00474183350895685,0.7077,7.473994,-0.0697430519140011
300604.SZ,2026-03-17,C35专用设备制造业,0.05573039418665113,0.0,0.01252779337940446,0.08330192235205436,3.0979,15.791837,-0.005592105263157787
300724.SZ,2026-03-17,C35专用设备制造业,0.3192422975612762,0.0,0.08192185392432305,0.005690376569037703,6.4946,2.130291,0.06115826260609092
300751.SZ,2026-03-17,C35专用设备制造业,0.1100919168422908,0.0,0.011635281715942492,0.04041162773229168,5.3751,8.635407,0.09589041095890405
300757.SZ,2026-03-17,C35专用设备制造业,0.029237920331286686,0.0,100000000.0,0.12910088168956324,7.0376,112.525898,0.0158921686924276
600031.SH,2026-03-17,C35专用设备制造业,0.38458801969859835,0.0,0.043182753775435775,0.058930190389845705,0.6504,2.216365,-0.07851637764932573
600499.SH,2026-03-17,C35专用设备制造业,0.3945300771977002,0.0,0.045570827707045014,0.0709893795416433,1.0028,1.915344,-0.015042117930204602
600528.SH,2026-03-17,C35专用设备制造业,1.3240315702087602,0.0,0.07705504257445213,0.015169194865811031,0.8777,0.65673,-0.09123222748815163
600582.SH,2026-03-17,C35专用设备制造业,1.0136631658119797,0.0,0.1107208569971485,0.0016474464579900872,0.8428,0.867371,-0.03782894736842113
601106.SH,2026-03-17,C35专用设备制造业,0.16864566735788902,0.0,100000000.0,0.07317073170731714,0.8502,3.276172,-0.0635964912280702
601399.SH,2026-03-17,C35专用设备制造业,0.43742714104182023,0.0,0.014153963331242274,0.07677165354330706,0.9699,2.436495,-0.04904051172707902
601608.SH,2026-03-17,C35专用设备制造业,0.3105519657473604,0.0,0.012478929016382614,0.09002770083102485,0.9744,3.711321,-0.06544901065449016
601717.SH,2026-03-17,C35专用设备制造业,0.5764951401459686,0.0,0.11252056875996932,0.017038007863695914,0.9198,1.005224,-0.039999999999999925
603338.SH,2026-03-17,C35专用设备制造业,0.4195137667637701,0.0,0.06654450426573563,0.020591538749532012,0.7032,3.176548,-0.06918960244648309
688012.SH,2026-03-17,C35专用设备制造业,0.10955758456202164,0.0,0.010773385235194041,0.04363103058449702,1.2525,15.825229,-0.04012651352991914
688037.SH,2026-03-17,C35专用设备制造业,0.07889068961270745,0.0,0.0020898928888514585,0.07733188720173545,1.5977,17.605889,-0.06494651463500634
688114.SH,2026-03-17,C35专用设备制造业,0.34413089913488937,0.0,100000000.0,0.03920869720192488,0.5698,8.078237,-0.06121313299944342
688120.SH,2026-03-17,C35专用设备制造业,0.1189619522798404,0.0,0.0179302476787591,0.03293413173652704,1.4639,13.024681,-0.03709328815935509
688301.SH,2026-03-17,C35专用设备制造业,0.2401275173167959,0.0,0.027262892308249312,0.06129296235679227,0.9222,10.550703,-0.006625403190654633
688361.SH,2026-03-17,C35专用设备制造业,0.04470381598478819,0.0,0.001012443656434798,0.06010392609699766,1.7315,27.761712,-0.02573868173720739
688425.SH,2026-03-17,C35专用设备制造业,0.6429607054564861,0.0,0.05266274420504429,0.016759776536312776,0.5982,2.803387,-0.08522727272727271
688617.SH,2026-03-17,C35专用设备制造业,0.0885468540365323,0.0,0.024312181638059493,0.03386609071274305,0.7191,13.063112,-0.05594551683797111
000519.SZ,2026-03-18,C35专用设备制造业,0.41631540054745475,0.0,100000000.0,0.0996423096576392,2.1185,4.651853,-0.009080590238365494
000528.SZ,2026-03-18,C35专用设备制造业,0.9043038533291494,0.0,0.07260999833868324,0.07129455909943716,2.5794,0.611608,-0.04141414141414146
000967.SZ,2026-03-18,C35专用设备制造业,0.615596759498658,0.0,0.013740845968648089,0.07692307692307698,1.01,2.072718,0.027397260273972712
002008.SZ,2026-03-18,C35专用设备制造业,0.25306333162937356,0.0,0.016868770563347606,0.09979267449896334,2.8873,3.863886,-0.01903884538615075
002223.SZ,2026-03-18,C35专用设备制造业,0.37559926863310417,0.0,0.048338929370056745,0.015355086372360938,0.5856,4.453737,-0.040935672514619825
002353.SZ,2026-03-18,C35专用设备制造业,0.21042756988352204,0.0,0.026950028610150376,0.08222480135702182,3.0115,6.692052,-0.024221789883268396
002430.SZ,2026-03-18,C35专用设备制造业,0.3476733525411272,0.0,0.03610873104422514,0.0632619439868205,1.1005,1.880377,-0.02497361941610976
002432.SZ,2026-03-18,C35专用设备制造业,0.796017999559006,0.0,0.0677714910683613,0.02443609022556381,8.7874,17.761208,0.06255212677231015
002595.SZ,2026-03-18,C35专用设备制造业,0.1595596409206017,0.0,0.033387847898453664,0.03972012917115186,0.6098,6.781046,-0.03329223181257701
002837.SZ,2026-03-18,C35专用设备制造业,0.031801575469129685,0.0,0.004789623751441479,0.06456441472906915,7.0156,18.139827,-0.07667791526059253
300003.SZ,2026-03-18,C35专用设备制造业,0.4722889199130233,0.0,0.012728497532733495,0.04485336400230033,2.1425,5.353549,-0.11282333516785914
300450.SZ,2026-03-18,C35专用设备制造业,0.15376614813646192,0.0,0.010424823548133521,0.0508149568552253,2.2,6.286924,-0.026464646464646524
300529.SZ,2026-03-18,C35专用设备制造业,0.21919912530781036,0.0,0.03190328557262601,0.0015889830508475367,0.5308,7.411286,-0.06292966684294032
300604.SZ,2026-03-18,C35专用设备制造业,0.05267637604653473,0.0,0.011841272245236064,0.0024811971776381725,4.3238,16.7074,-0.03505635445005839
300724.SZ,2026-03-18,C35专用设备制造业,0.3209783419863745,0.0,0.08236734286411349,0.0062354506152311195,5.0396,2.118769,0.06500460135530828
300751.SZ,2026-03-18,C35专用设备制造业,0.10535012164778547,0.0,0.011134136629373284,0.0249520153550864,6.115,9.024085,0.10131086142322099
300757.SZ,2026-03-18,C35专用设备制造业,0.028144573495444577,0.0,100000000.0,0.07673998901472545,4.6041,116.89725,0.03467520326354867
600031.SH,2026-03-18,C35专用设备制造业,0.38570276973158946,0.0,0.04330792139993375,0.06966292134831464,0.7537,2.20996,-0.046859903381642476
600499.SH,2026-03-18,C35专用设备制造业,0.3988497174149752,0.0,0.04606977802290995,0.07536557930258714,0.8752,1.8946,-0.0042579075425790425
600528.SH,2026-03-18,C35专用设备制造业,1.3479886661112954,0.0,0.07844928359721973,0.05040091638029798,1.2187,0.645058,-0.0506634499396863
600582.SH,2026-03-18,C35专用设备制造业,1.0119992754085188,0.0,0.11053904697876336,0.00975609756097573,0.8268,0.868797,-0.018062397372742067
601106.SH,2026-03-18,C35专用设备制造业,0.16790922290100457,0.0,100000000.0,0.05567010309278342,0.9317,3.290541,-0.05458515283842791
601399.SH,2026-03-18,C35专用设备制造业,0.4393003351422257,0.0,0.014214579857602036,0.06224899598393585,0.9232,2.426105,-0.032119914346895206
601608.SH,2026-03-18,C35专用设备制造业,0.3110253510543137,0.0,0.012497951898132693,0.08888888888888902,0.8516,3.705672,-0.05792682926829262
601717.SH,2026-03-18,C35专用设备制造业,0.5777788562983095,0.0,0.11277117803253539,0.009267431597528741,1.0234,1.002991,-0.02405345211581289
603338.SH,2026-03-18,C35专用设备制造业,0.41767779499538465,0.0,0.06625325518806052,0.021961660152614915,0.9707,3.190512,-0.05899143672692664
688012.SH,2026-03-18,C35专用设备制造业,0.10685389749056827,0.0,0.010507516625570718,0.0019669060256009008,1.4243,16.225651,-0.029134079082666076
688037.SH,2026-03-18,C35专用设备制造业,0.0785306661073189,0.0,0.0020803555816988756,0.0415521785453935,1.4283,17.686602,-0.018429674701614607
688114.SH,2026-03-18,C35专用设备制造业,0.34676817264616366,0.0,100000000.0,0.0375966900521677,0.5982,8.016799,-0.06093457943925229
688120.SH,2026-03-18,C35专用设备制造业,0.11629222701591704,0.0,0.017527861631554707,0.0014255573929405907,1.0315,13.323688,-0.047510278666057504
688301.SH,2026-03-18,C35专用设备制造业,0.23367002847736637,0.0,0.02652974558849462,0.022796982508497043,0.8212,10.842271,-0.0636240244316254
688361.SH,2026-03-18,C35专用设备制造业,0.04465169977411598,0.0,0.001011263362338551,0.042420681551116335,1.4183,27.794114,-0.030065038655049614
688425.SH,2026-03-18,C35专用设备制造业,0.6478689646146929,0.0,0.05306474928869356,0.034990791896869156,0.811,2.78215,-0.06106870229007644
688617.SH,2026-03-18,C35专用设备制造业,0.0900863080883271,0.0,0.024734867572858223,0.0010638297872340718,0.3929,12.839881,0.0031880977683316214
000519.SZ,2026-03-19,C35专用设备制造业,0.42947762636305464,0.0,100000000.0,0.09963099630996308,2.3173,4.509287,-0.005269320843091285
000528.SZ,2026-03-19,C35专用设备制造业,0.9286930873658736,0.0,0.07456835733514763,0.07574304889741124,1.9561,0.595545,-0.03319502074688796
000967.SZ,2026-03-19,C35专用设备制造业,0.6205552728581535,0.0,0.013851531884543437,0.06559139784946244,1.2018,2.056155,0.029919447640966546
002008.SZ,2026-03-19,C35专用设备制造业,0.26161922943195404,0.0,0.017439095658723733,0.10954063604240283,2.6554,3.737522,-0.017301587301587373
002223.SZ,2026-03-19,C35专用设备制造业,0.380580354594328,0.0,0.048979994072441115,0.022883926109732666,0.6112,4.395446,-0.060383747178329616
002353.SZ,2026-03-19,C35专用设备制造业,0.2207567408622714,0.0,0.028272915056288546,0.09661657601180051,2.7521,6.378931,0.0027553832023676783
002430.SZ,2026-03-19,C35专用设备制造业,0.34452250558815506,0.0,0.03578149998409512,0.07630392788151952,1.5847,1.897573,-0.03624956430812143
002432.SZ,2026-03-19,C35专用设备制造业,0.7235973788408548,0.0,0.06160577295377195,0.12007472826086962,16.018,19.53881,-0.05382865807429882
002595.SZ,2026-03-19,C35专用设备制造业,0.1642168253274894,0.0,0.03436236710526334,0.057826086956521694,0.4264,6.588735,-0.037840332256575904
002837.SZ,2026-03-19,C35专用设备制造业,0.0325991356013204,0.0,0.0049097440282366055,0.0622639583545983,4.2799,17.696024,-0.08225233016239064
300003.SZ,2026-03-19,C35专用设备制造业,0.4960398657319292,0.0,0.013368601129096009,0.009924109748978394,2.298,5.097215,-0.09421965317919079
300450.SZ,2026-03-19,C35专用设备制造业,0.1580117070873781,0.0,0.010712658537972786,0.08247619047619048,2.4662,6.118002,-0.00020759809009762709
300529.SZ,2026-03-19,C35专用设备制造业,0.22249361498948383,0.0,0.03238277580879707,0.011671087533156599,0.7193,7.301548,-0.06226516371443913
300604.SZ,2026-03-19,C35专用设备制造业,0.054497917498327594,0.0,0.012250741362801626,0.0019263183241031712,3.0565,16.148971,-0.027824688379573748
300724.SZ,2026-03-19,C35专用设备制造业,0.3251401272663486,0.0,0.08343532606650579,0.0011850347045877507,4.4404,2.091649,0.031016949152542272
300751.SZ,2026-03-19,C35专用设备制造业,0.11225350253378606,0.0,0.01186373414615098,0.0028651014723437562,4.449,8.46912,0.1541224359485991
300757.SZ,2026-03-19,C35专用设备制造业,0.028364747622247027,0.0,100000000.0,0.07431878848745943,4.7209,115.989863,0.09182012847965737
600031.SH,2026-03-19,C35专用设备制造业,0.4040510154812147,0.0,0.045368115070961175,0.08135750813575082,1.2231,2.109604,-0.0253036437246964
600499.SH,2026-03-19,C35专用设备制造业,0.42828790198031763,0.0,0.049470096118417954,0.14277715565509508,2.0334,1.764375,0.05486610058785102
600528.SH,2026-03-19,C35专用设备制造业,1.3796071982385174,0.0,0.08028944666681173,0.07003444316877161,0.9859,0.630274,-0.03827160493827153
600582.SH,2026-03-19,C35专用设备制造业,1.0153335675369428,0.0,0.11090326606791473,0.03189792663476865,0.9454,0.865944,-0.023064250411861664
601106.SH,2026-03-19,C35专用设备制造业,0.17242696295596371,0.0,100000000.0,0.05708245243128973,1.0319,3.204326,-0.04484304932735428
601399.SH,2026-03-19,C35专用设备制造业,0.45287701445356987,0.0,0.014653882404733167,0.07172131147540972,0.9789,2.353374,-0.019867549668874163
601608.SH,2026-03-19,C35专用设备制造业,0.3223264231920308,0.0,0.012952063777309054,0.10339943342776203,1.065,3.575748,-0.033175355450236976
601717.SH,2026-03-19,C35专用设备制造业,0.590671292016664,0.0,0.11528746352592872,0.025299600532623145,1.0189,0.981099,-0.0022768670309654127
603338.SH,2026-03-19,C35专用设备制造业,0.43223636067357984,0.0,0.06856259144107117,0.047458262990058175,0.8071,3.083048,-0.02894840488381245
688012.SH,2026-03-19,C35专用设备制造业,0.10917739744011756,0.0,0.010735999119132743,0.0039006754828273538,0.937,15.880338,-0.025787965616045905
688037.SH,2026-03-19,C35专用设备制造业,0.08099482378280169,0.0,0.0021456334546138336,0.05921089980130578,1.6337,17.148512,-0.01037895244991549
688114.SH,2026-03-19,C35专用设备制造业,0.35303703640941564,0.0,100000000.0,0.04210718191760854,0.5964,7.874445,-0.05956232159847752
688120.SH,2026-03-19,C35专用设备制造业,0.12014097341820891,0.0,0.018107952878905563,0.018243947642766156,1.0212,12.896862,-0.03144357265058095
688301.SH,2026-03-19,C35专用设备制造业,0.24160185898134376,0.0,0.027430281824201517,0.03430459088599014,0.9761,10.486319,-0.08183492676081039
688361.SH,2026-03-19,C35专用设备制造业,0.0452317359791004,0.0,0.001024399918385239,0.061865889212828096,1.685,27.437692,-0.03213375598234813
688425.SH,2026-03-19,C35专用设备制造业,0.659190566719314,0.0,0.053992094477526606,0.05156537753222823,0.4592,2.734365,-0.04854368932038833
688617.SH,2026-03-19,C35专用设备制造业,0.09056753603048286,0.0,0.024866998238247777,0.006706851175821482,0.7194,12.771656,0.021025641025640862
000519.SZ,2026-03-20,C35专用设备制造业,0.4382005731663497,0.0,100000000.0,0.08424507658643343,1.9036,4.419524,0.03046594982078865
000528.SZ,2026-03-20,C35专用设备制造业,0.9423791681430607,0.0,0.07566725656859886,0.0794573643410853,1.7597,0.586896,-0.015789473684210575
000967.SZ,2026-03-20,C35专用设备制造业,0.6389368091495752,0.0,0.014261825931020197,0.06222222222222229,1.2675,1.997002,0.06753554502369674
002008.SZ,2026-03-20,C35专用设备制造业,0.25517905020826437,0.0,0.0170098008431282,0.05982532751091707,4.363,3.83185,-0.026784331939928796
002223.SZ,2026-03-20,C35专用设备制造业,0.38536477087752186,0.0,0.04959574262210013,0.03528114663726578,0.6878,4.340875,-0.029142857142857248
002353.SZ,2026-03-20,C35专用设备制造业,0.22495791037496884,0.0,0.028810970387767715,0.08619215052741624,2.29,6.259802,0.021214642262895156
002430.SZ,2026-03-20,C35专用设备制造业,0.35606449040050137,0.0,0.03698023129285662,0.12346068834859492,1.3416,1.836063,0.03530259365994226
002432.SZ,2026-03-20,C35专用设备制造业,0.7652543896904928,0.0,0.0651523565053553,0.12746338817573677,16.5459,18.475211,0.10070558050032075
002595.SZ,2026-03-20,C35专用设备制造业,0.1653422477055043,0.0,0.03459786212890333,0.05093154007275924,0.5291,6.543888,-0.03438262283656646
002837.SZ,2026-03-20,C35专用设备制造业,0.032310401112304946,0.0,0.004866257743025084,0.08002468627854342,5.8452,17.85416,-0.11304761904761906
300003.SZ,2026-03-20,C35专用设备制造业,0.512022021043081,0.0,0.013799331610054404,0.05149971703452183,2.114,4.938111,-0.031026252983293756
300450.SZ,2026-03-20,C35专用设备制造业,0.15530349797833673,0.0,0.01052905046095867,0.05568400770712911,3.9737,6.22469,0.012038359518465658
300529.SZ,2026-03-20,C35专用设备制造业,0.2271263340265229,0.0,0.03305704803536179,0.030801911842803897,0.8425,7.152616,-0.02904109589041104
300604.SZ,2026-03-20,C35专用设备制造业,0.05481973762725374,0.0,0.012323084257018328,0.004669887278582863,3.6114,16.054168,-0.004287332146901801
300724.SZ,2026-03-20,C35专用设备制造业,0.2971846803674748,0.0,0.07626156649646357,0.05413570670368251,18.8903,2.288405,-0.07064291247095267
300751.SZ,2026-03-20,C35专用设备制造业,0.10280878747830093,0.0,0.010865550042339245,0.10688567036167984,10.2903,9.247152,0.0004020467836256536
300757.SZ,2026-03-20,C35专用设备制造业,0.02740621497314438,0.0,100000000.0,0.06536031971122858,6.3133,120.046611,0.11001379310344817
600031.SH,2026-03-20,C35专用设备制造业,0.4109133659023267,0.0,0.04613864950235083,0.0873649600751526,0.7345,2.074373,-0.013896037056098764
600499.SH,2026-03-20,C35专用设备制造业,0.42194911799975865,0.0,0.04873791226668918,0.12104072398190047,1.5376,1.790881,0.08108108108108114
600528.SH,2026-03-20,C35专用设备制造业,1.4021115800395396,0.0,0.08159906089272799,0.08600917431192667,0.9513,0.620158,-0.02634880803011297
600582.SH,2026-03-20,C35专用设备制造业,1.0254695881611586,0.0,0.11201045550395856,0.04146730462519932,0.9605,0.857384,-0.03494176372712143
601106.SH,2026-03-20,C35专用设备制造业,0.17801484608213355,0.0,100000000.0,0.08860759493670889,1.0715,3.103741,-0.011574074074074292
601399.SH,2026-03-20,C35专用设备制造业,0.454885377982456,0.0,0.01471886655778434,0.08888888888888902,1.0947,2.342984,-0.006651884700665023
601608.SH,2026-03-20,C35专用设备制造业,0.3280267354910495,0.0,0.01318111969631122,0.12394366197183093,0.8473,3.51361,-0.012861736334405127
601717.SH,2026-03-20,C35专用设备制造业,0.5917488901749565,0.0,0.11549784769760815,0.04237658366098729,0.804,0.979312,0.0041058394160584655
603338.SH,2026-03-20,C35专用设备制造业,0.43810304884673756,0.0,0.06949318136379118,0.05023696682464451,0.5987,3.041763,-0.01736526946107797
688012.SH,2026-03-20,C35专用设备制造业,0.11087171444147322,0.0,0.010902610080492226,0.01160003834723422,1.3738,15.637658,-0.011930164888457773
688037.SH,2026-03-20,C35专用设备制造业,0.08134332316107963,0.0,0.002154865619444642,0.043420289855072514,2.4412,17.075042,0.03993697351675651
688114.SH,2026-03-20,C35专用设备制造业,0.35974587551353726,0.0,100000000.0,0.04127161182375905,0.578,7.727595,-0.02889276711266242
688120.SH,2026-03-20,C35专用设备制造业,0.1195836527711658,0.0,0.01802395260738644,0.00717075730192962,1.0933,12.956967,0.003405754550792617
688301.SH,2026-03-20,C35专用设备制造业,0.24354573362672477,0.0,0.027650984954352514,0.031180400890868598,0.8115,10.40262,-0.06259946949602124
688361.SH,2026-03-20,C35专用设备制造业,0.04426333069877989,0.0,0.0010024676282000663,0.0040305343511450875,2.0149,28.037982,-0.044522839243354984
688425.SH,2026-03-20,C35专用设备制造业,0.6762614643224739,0.0,0.055390298599683405,0.09386281588447665,0.5688,2.665342,-0.02589641434262946
688617.SH,2026-03-20,C35专用设备制造业,0.09151001220194503,0.0,0.02512577207728728,0.014300915088316546,0.5131,12.640119,0.06641046677317664
000519.SZ,2026-03-23,C35专用设备制造业,0.467525667159127,0.0,100000000.0,0.136963696369637,3.0597,4.142314,0.0962396430847674
000528.SZ,2026-03-23,C35专用设备制造业,0.9936298391015203,0.0,0.07978234737377655,0.10079840319361277,2.6037,0.556625,0.03440621531631516
000967.SZ,2026-03-23,C35专用设备制造业,0.6512833538487589,0.0,0.014537416781284507,0.06440677966101693,1.4304,1.959144,0.05555555555555558
002008.SZ,2026-03-23,C35专用设备制造业,0.2751588010230404,0.0,0.018341620046701066,0.11074821852731598,4.1064,3.553612,0.06594323873121866
002223.SZ,2026-03-23,C35专用设备制造业,0.403463003652954,0.0,0.05192494602142237,0.06880222841225625,1.294,4.146155,0.02572539635058324
002353.SZ,2026-03-23,C35专用设备制造业,0.23061783902782587,0.0,0.02953585176877516,0.07531545741324919,2.806,6.106172,-0.00010660980810228704
002430.SZ,2026-03-23,C35专用设备制造业,0.3375803187973499,0.0,0.03506049267284788,0.028855721393034717,3.2902,1.936596,-0.012295081967213073
002432.SZ,2026-03-23,C35专用设备制造业,0.7885204045425084,0.0,0.06713319312789726,0.11331861662987497,11.1955,17.93008,0.24752148050231315
002595.SZ,2026-03-23,C35专用设备制造业,0.17034843580104053,0.0,0.03564540351808726,0.05847887323943657,0.6363,6.351577,-0.009095260890378265
002837.SZ,2026-03-23,C35专用设备制造业,0.03461828682614596,0.0,0.005213847574563469,0.06737723639132087,5.1445,16.663883,-0.08397959183673476
300003.SZ,2026-03-23,C35专用设备制造业,0.5529309765203391,0.0,0.014901855559681878,0.1569799022270505,3.2063,4.572762,0.055412371134020644
300450.SZ,2026-03-23,C35专用设备制造业,0.16129315821842674,0.0,0.010935129520212116,0.0810126582278482,3.2089,5.993534,0.04937486755668585
300529.SZ,2026-03-23,C35专用设备制造业,0.23632019211886338,0.0,0.03439516126119765,0.0724484399788472,1.1948,6.87435,0.015393386545039967
300604.SZ,2026-03-23,C35专用设备制造业,0.05792150419829542,0.0,0.013020339136867396,0.053244861628095164,3.7781,15.194448,0.07256410256410262
300724.SZ,2026-03-23,C35专用设备制造业,0.2987815390057805,0.0,0.0766713530753378,0.07106514304779377,16.3471,2.276175,-0.12740440775640527
300751.SZ,2026-03-23,C35专用设备制造业,0.09811121200214079,0.0,0.010369077354105112,0.14359792580773845,10.7767,9.689907,-0.19591907917683982
300757.SZ,2026-03-23,C35专用设备制造业,0.02931643283977555,0.0,100000000.0,0.10566874274253146,5.0577,112.224539,0.14370868744098209
600031.SH,2026-03-23,C35专用设备制造业,0.42809905184622,0.0,0.04806830775714814,0.10551558752997614,1.1918,1.991099,0.011796246648793751
600499.SH,2026-03-23,C35专用设备制造业,0.43684794982888664,0.0,0.05045883734563506,0.10866983372921613,1.4232,1.729802,0.06262491672218529
600528.SH,2026-03-23,C35专用设备制造业,1.4979657624945324,0.0,0.0871775509437275,0.1233842538190364,1.6547,0.580474,0.11796246648793574
600582.SH,2026-03-23,C35专用设备制造业,1.0812412216728315,0.0,0.11810225269417812,0.07317073170731714,1.9616,0.81316,0.0052631578947368585
601106.SH,2026-03-23,C35专用设备制造业,0.1853070417231776,0.0,100000000.0,0.10752688172043012,1.4008,2.981603,0.04096385542168668
601399.SH,2026-03-23,C35专用设备制造业,0.4782128611523304,0.0,0.015473680221574436,0.09684210526315784,1.3275,2.228692,0.05361305361305346
601608.SH,2026-03-23,C35专用设备制造业,0.3446496756674227,0.0,0.013849081819032025,0.11904761904761907,1.1467,3.344143,0.042229729729729826
601717.SH,2026-03-23,C35专用设备制造业,0.6156210138539353,0.0,0.12015722813616074,0.06188780053428322,1.6833,0.941337,0.04081632653061229
603338.SH,2026-03-23,C35专用设备制造业,0.4662056824878227,0.0,0.07395090473385624,0.09946442234123953,1.6469,2.858407,0.03674596431605792
688012.SH,2026-03-23,C35专用设备制造业,0.11526931060652867,0.0,0.01133504975457747,0.0725441905415094,1.6158,15.041071,0.06467226890756295
688037.SH,2026-03-23,C35专用设备制造业,0.08579393925874895,0.0,0.002272766865359143,0.10343839541547284,2.8392,16.189263,0.126366251198466
688114.SH,2026-03-23,C35专用设备制造业,0.3786142038633036,0.0,100000000.0,0.1084425036390102,0.9656,7.342489,0.013265306122449028
688120.SH,2026-03-23,C35专用设备制造业,0.1254162722847471,0.0,0.018903061396160454,0.061929520508376634,1.9424,12.354388,0.12021184874984603
688301.SH,2026-03-23,C35专用设备制造业,0.2514379105509633,0.0,0.02854702331338334,0.056254307374224655,1.1773,10.076101,-0.05531720675490648
688361.SH,2026-03-23,C35专用设备制造业,0.046739462132552465,0.0,0.0010585465823675594,0.07133484432780635,2.2669,26.552605,0.02100192678227364
688425.SH,2026-03-23,C35专用设备制造业,0.7322525773460091,0.0,0.058415817928644025,0.10694183864915574,0.7964,2.527296,0.07773109243697474
688617.SH,2026-03-23,C35专用设备制造业,0.09567857204706506,0.0,0.026270327289660646,0.07100616533154391,1.5555,12.08941,0.1150338600451466
000519.SZ,2026-03-24,C35专用设备制造业,0.4410991485022037,0.0,100000000.0,0.05725623582766448,4.1322,4.390483,0.01322910402886368
000528.SZ,2026-03-24,C35专用设备制造业,0.967849023295158,0.0,0.07771231723908653,0.07684630738522946,1.9758,0.571452,0.00756756756756749
000967.SZ,2026-03-24,C35专用设备制造业,0.6248699489418764,0.0,0.013947834374153279,0.018202502844140933,1.1066,2.041958,-0.013904982618771822
002008.SZ,2026-03-24,C35专用设备制造业,0.2668719801767493,0.0,0.017789233095131946,0.030911658559548028,3.0495,3.663958,-0.007772020725388518
002223.SZ,2026-03-24,C35专用设备制造业,0.39987443942602025,0.0,0.05146311700160236,0.058610103265420044,0.7467,4.183363,0.005040023717758801
002353.SZ,2026-03-24,C35专用设备制造业,0.21850458520946833,0.0,0.02798447421370624,0.01688182720953324,3.3367,6.44468,-0.022222222222222254
002430.SZ,2026-03-24,C35专用设备制造业,0.35606449040050137,0.0,0.03698023129285662,0.036111111111111094,2.6106,1.836063,0.006484149855907839
002432.SZ,2026-03-24,C35专用设备制造业,0.7842442199240381,0.0,0.0667691172000985,0.11651376146788994,8.5291,18.027848,0.20920295809367295
002595.SZ,2026-03-24,C35专用设备制造业,0.16671720976742782,0.0,0.03488557027110309,0.04067415730337087,0.4107,6.489919,-0.07261653783087363
002837.SZ,2026-03-24,C35专用设备制造业,0.03447756201987625,0.0,0.005192653062652999,0.028436018957345932,3.3384,16.731899,-0.1427845528455286
300003.SZ,2026-03-24,C35专用设备制造业,0.5403959481111811,0.0,0.014564030198050568,0.10936623667975309,1.9451,4.678831,0.02015113350125941
300450.SZ,2026-03-24,C35专用设备制造业,0.16105424822453795,0.0,0.010918932798358037,0.05176565008025691,2.7881,6.002425,0.00931019889970397
300529.SZ,2026-03-24,C35专用设备制造业,0.23365588749749402,0.0,0.03400739157457352,0.0697430519140011,0.6606,6.952735,-0.0005636978579480756
300604.SZ,2026-03-24,C35专用设备制造业,0.05604379665786181,0.0,0.01259824409957143,0.005592105263157787,3.0264,15.703527,0.001075090969235859
300724.SZ,2026-03-24,C35专用设备制造业,0.3008432636680616,0.0,0.07720041049002266,0.06115826260609092,12.4416,2.260576,-0.17399827491570607
300751.SZ,2026-03-24,C35专用设备制造业,0.10045886596205487,0.0,0.010617194616755319,0.09589041095890405,7.5466,9.46346,-0.18321428571428577
300757.SZ,2026-03-24,C35专用设备制造业,0.028780534780326526,0.0,100000000.0,0.0158921686924276,4.2881,114.314178,0.10261015672528173
600031.SH,2026-03-24,C35专用设备制造业,0.41735739315233383,0.0,0.046862202957483,0.07851637764932573,0.8259,2.042345,0.00470465237846307
600499.SH,2026-03-24,C35专用设备制造业,0.4005551694648783,0.0,0.04626677766375074,0.015042117930204602,1.95,1.886533,-0.029321930360415416
600528.SH,2026-03-24,C35专用设备制造业,1.4569528704885455,0.0,0.08479068021542599,0.09123222748815163,0.874,0.596815,0.19556714471968717
600582.SH,2026-03-24,C35专用设备制造业,1.0535165328349498,0.0,0.11507399085000669,0.03782894736842113,0.9198,0.834559,-0.022222222222222254
601106.SH,2026-03-24,C35专用设备制造业,0.18009934640146197,0.0,100000000.0,0.0635964912280702,1.0205,3.067819,0.014051522248243575
601399.SH,2026-03-24,C35专用设备制造业,0.45998498609005406,0.0,0.014883876220982042,0.04904051172707902,1.2458,2.317008,0.011210762331838486
601608.SH,2026-03-24,C35专用设备制造业,0.33230065366861583,0.0,0.01335286055661132,0.06544901065449016,0.9368,3.468419,0.01140065146579805
601717.SH,2026-03-24,C35专用设备制造业,0.6005158431092308,0.0,0.11720893183632523,0.039999999999999925,0.9463,0.965015,-0.05601851851851858
603338.SH,2026-03-24,C35专用设备制造业,0.4506973188917894,0.0,0.07149093194720996,0.06918960244648309,0.9009,2.956764,-0.006570841889117052
688012.SH,2026-03-24,C35专用设备制造业,0.11413753115954602,0.0,0.011223755464537882,0.04012651352991914,1.3463,15.190218,0.01973706107505402
688037.SH,2026-03-24,C35专用设备制造业,0.0843702436275155,0.0,0.0022350517070942747,0.06494651463500634,1.7183,16.462448,0.05324030423030979
688114.SH,2026-03-24,C35专用设备制造业,0.36656972119440145,0.0,100000000.0,0.06121313299944342,0.7375,7.583742,-0.028255285516696316
688120.SH,2026-03-24,C35专用设备制造业,0.1235446288293121,0.0,0.018620960352567772,0.03709328815935509,1.2618,12.541553,0.05556903664159174
688301.SH,2026-03-24,C35专用设备制造业,0.2417290589511908,0.0,0.027444724609341498,0.006625403190654633,0.9953,10.480801,-0.04616059675296191
688361.SH,2026-03-24,C35专用设备制造业,0.045884830452110115,0.0,0.0010391910645779826,0.02573868173720739,1.4535,27.047162,-0.04129886506935676
688425.SH,2026-03-24,C35专用设备制造业,0.7216402594441061,0.0,0.05756921143306117,0.08522727272727271,0.4144,2.564462,0.1159420289855071
688617.SH,2026-03-24,C35专用设备制造业,0.09379421811170104,0.0,0.025752943310329172,0.05594551683797111,0.9247,12.332289,0.1063952201814562
000519.SZ,2026-03-25,C35专用设备制造业,0.4201304673153201,0.0,100000000.0,0.009080590238365494,4.8805,4.609611,-0.02863688430698741
000528.SZ,2026-03-25,C35专用设备制造业,0.9433721971232808,0.0,0.07574699413203186,0.04141414141414146,2.1835,0.586279,0.008429926238145313
000967.SZ,2026-03-25,C35专用设备制造业,0.5991809196827936,0.0,0.013374423485444844,0.027397260273972712,2.4338,2.129505,0.013333333333333197
002008.SZ,2026-03-25,C35专用设备制造业,0.25797484074568144,0.0,0.01719616584656432,0.01903884538615075,3.5196,3.790322,0.0032868993582719774
002223.SZ,2026-03-25,C35专用设备制造业,0.39163084876195703,0.0,0.05040217660791637,0.040935672514619825,0.7843,4.271421,-0.0060975609756097615
002353.SZ,2026-03-25,C35专用设备制造业,0.2156510007715993,0.0,0.02761900989937124,0.024221789883268396,4.0002,6.529958,0.0009969095803010752
002430.SZ,2026-03-25,C35专用设备制造业,0.3565783172569999,0.0,0.037033594284383194,0.02497361941610976,1.4942,1.833417,0.007575757575757569
002432.SZ,2026-03-25,C35专用设备制造业,0.7491562627590675,0.0,0.06378180296232033,0.06255212677231015,9.9988,18.872209,0.27064364207221336
002595.SZ,2026-03-25,C35专用设备制造业,0.16505466032658705,0.0,0.034537685450102024,0.03329223181257701,0.4004,6.555289,-0.06644248608534309
002837.SZ,2026-03-25,C35专用设备制造业,0.03444255940316831,0.0,0.00518738133800347,0.07667791526059253,3.8081,16.748903,-0.11492385786802028
300003.SZ,2026-03-25,C35专用设备制造业,0.5323504015519078,0.0,0.014347195914446581,0.11282333516785914,1.8234,4.749544,0.045285359801488845
300450.SZ,2026-03-25,C35专用设备制造业,0.1579461192085699,0.0,0.010708212589759049,0.026464646464646524,2.307,6.120543,0.004357750570657792
300529.SZ,2026-03-25,C35专用设备制造业,0.23391960604195627,0.0,0.0340457740665917,0.06292966684294032,0.6044,6.944897,0.012979683972911937
300604.SZ,2026-03-25,C35专用设备制造业,0.054590108261465,0.0,0.012271465130226873,0.03505635445005839,3.4324,16.121699,0.002738843241501643
300724.SZ,2026-03-25,C35专用设备制造业,0.3013867406711762,0.0,0.07733989134363986,0.06500460135530828,11.4142,2.256499,-0.13904163393558522
300751.SZ,2026-03-25,C35专用设备制造业,0.09565884840521395,0.0,0.010109894553799804,0.10131086142322099,7.7146,9.938322,-0.1953749362353342
300757.SZ,2026-03-25,C35专用设备制造业,0.027201360546771285,0.0,100000000.0,0.03467520326354867,5.5098,120.950686,0.07822468033841679
600031.SH,2026-03-25,C35专用设备制造业,0.4046653053725794,0.0,0.04543709760906357,0.046859903381642476,0.8392,2.106401,0.028890015205271125
600499.SH,2026-03-25,C35专用设备制造业,0.4005551694648783,0.0,0.04626677766375074,0.0042579075425790425,1.7504,1.886533,-0.006719609040928498
600528.SH,2026-03-25,C35专用设备制造业,1.4199261070453892,0.0,0.08263590010906285,0.0506634499396863,0.8044,0.612377,0.09021601016518432
600582.SH,2026-03-25,C35专用设备制造业,1.030614400775022,0.0,0.11257237559457914,0.018062397372742067,0.9894,0.853105,-0.03511705685618738
601106.SH,2026-03-25,C35专用设备制造业,0.17760374189771727,0.0,100000000.0,0.05458515283842791,0.9012,3.110926,0.002309468822170757
601399.SH,2026-03-25,C35专用设备制造业,0.45387887153003925,0.0,0.014686302703761547,0.032119914346895206,1.0091,2.348179,0.008849557522123908
601608.SH,2026-03-25,C35专用设备制造业,0.330149917776163,0.0,0.013266434243160872,0.05792682926829262,0.7431,3.491014,0.011326860841424091
601717.SH,2026-03-25,C35专用设备制造业,0.5920189919692623,0.0,0.11555056377120064,0.02405345211581289,0.9175,0.978865,-0.060702875399361145
603338.SH,2026-03-25,C35专用设备制造业,0.4438617033459183,0.0,0.07040664413419365,0.05899143672692664,1.091,3.002299,-0.0064711830131446435
688012.SH,2026-03-25,C35专用设备制造业,0.1100604011481501,0.0,0.01082282976802444,0.029134079082666076,1.3803,15.752931,0.006290519288786323
688037.SH,2026-03-25,C35专用设备制造业,0.08000513953016342,0.0,0.0021194157237121184,0.018429674701614607,2.8173,17.360644,0.03027954938308386
688114.SH,2026-03-25,C35专用设备制造业,0.3692694004911283,0.0,100000000.0,0.06093457943925229,0.5764,7.528299,0.005374203821655987
688120.SH,2026-03-25,C35专用设备制造业,0.12209289193497087,0.0,0.018402152845778844,0.047510278666057504,1.2311,12.690676,0.04999999999999982
688301.SH,2026-03-25,C35专用设备制造业,0.24954725888556686,0.0,0.02833236493309992,0.0636240244316254,1.355,10.152442,0.01014676571842732
688361.SH,2026-03-25,C35专用设备制造业,0.04603576795026664,0.0,0.0010426094560417561,0.030065038655049614,1.972,26.958483,0.000948886639676072
688425.SH,2026-03-25,C35专用设备制造业,0.7084395697504805,0.0,0.05651611602261277,0.06106870229007644,0.4546,2.612247,0.04471544715447151
688617.SH,2026-03-25,C35专用设备制造业,0.09279988864013364,0.0,0.024656260902690366,0.0031880977683316214,1.3857,12.880816,0.06885593220338992
000519.SZ,2026-03-26,C35专用设备制造业,0.4317526437293757,0.0,100000000.0,0.005269320843091285,4.1053,4.485526,-0.007062978222483696
000528.SZ,2026-03-26,C35专用设备制造业,0.9605797290780933,0.0,0.07712864255440192,0.03319502074688796,1.4949,0.575776,0.007510729613734002
000967.SZ,2026-03-26,C35专用设备制造业,0.6025279663355574,0.0,0.013449141017484812,0.029919447640966546,1.3564,2.117674,0.04022346368715102
002008.SZ,2026-03-26,C35专用设备制造业,0.2662253714908834,0.0,0.01774613192886186,0.017301587301587373,2.006,3.672857,-0.0032304958811176787
002223.SZ,2026-03-26,C35专用设备制造业,0.40503802496978414,0.0,0.05212765813263924,0.060383747178329616,0.9595,4.130032,0.01501501501501501
002353.SZ,2026-03-26,C35专用设备制造业,0.2201501688331645,0.0,0.028195226114012418,0.0027553832023676783,1.9997,6.396508,0.09912477101567263
002430.SZ,2026-03-26,C35专用设备制造业,0.3574810597597513,0.0,0.03712735000346398,0.03624956430812143,1.0041,1.828787,-0.00036166365280276835
002432.SZ,2026-03-26,C35专用设备制造业,0.7647639594277424,0.0,0.06511058870715439,0.05382865807429882,6.5344,18.487062,0.3004807692307694
002595.SZ,2026-03-26,C35专用设备制造业,0.1706752304670306,0.0,0.03571378827223478,0.037840332256575904,0.4961,6.339415,-0.05515587529976029
002837.SZ,2026-03-26,C35专用设备制造业,0.035520805157194656,0.0,0.005349775547492017,0.08225233016239064,3.3067,16.240484,-0.13338917390849137
300003.SZ,2026-03-26,C35专用设备制造业,0.5476382279960329,0.0,0.0147592086761713,0.09421965317919079,1.4199,4.616957,0.0631780472239949
300450.SZ,2026-03-26,C35专用设备制造业,0.1580445214577837,0.0,0.010714882954208095,0.00020759809009762709,3.427,6.116732,-0.02014119601328901
300529.SZ,2026-03-26,C35专用设备制造业,0.23726706306084,0.0,0.03453297790611153,0.06226516371443913,0.5503,6.846915,0.018889524899828425
300604.SZ,2026-03-26,C35专用设备制造业,0.056057704904505415,0.0,0.012601370464565147,0.027824688379573748,2.2152,15.699631,-0.04210439242286379
300724.SZ,2026-03-26,C35专用设备制造业,0.31535872685897665,0.0,0.08092526713430681,0.031016949152542272,8.4745,2.156525,-0.11819825743876378
300751.SZ,2026-03-26,C35专用设备制造业,0.09726308487575565,0.0,0.010279441582493717,0.1541224359485991,5.8961,9.774402,-0.20670816044260032
300757.SZ,2026-03-26,C35专用设备制造业,0.025979323056779108,0.0,100000000.0,0.09182012847965737,7.8942,126.640067,0.021155304516095264
600031.SH,2026-03-26,C35专用设备制造业,0.41454041976362904,0.0,0.04654589651143626,0.0253036437246964,0.4941,2.056223,0.04205607476635498
600499.SH,2026-03-26,C35专用设备制造业,0.406011734551152,0.0,0.046897038677113326,0.05486610058785102,1.1228,1.861179,-0.0012383900928791824
600528.SH,2026-03-26,C35专用设备制造业,1.4345082434016208,0.0,0.08348453774527965,0.03827160493827153,0.6119,0.606152,0.11168164313222073
600582.SH,2026-03-26,C35专用设备制造业,1.0393044143415695,0.0,0.11352155206665986,0.023064250411861664,0.7182,0.845972,-0.03709949409780766
601106.SH,2026-03-26,C35专用设备制造业,0.18052209879324585,0.0,100000000.0,0.04484304932735428,0.6887,3.060634,-0.004694835680751019
601399.SH,2026-03-26,C35专用设备制造业,0.46205703169942264,0.0,0.014950920687414028,0.019867549668874163,0.6751,2.306618,0.009009009009008917
601608.SH,2026-03-26,C35专用设备制造业,0.33338667520136556,0.0,0.013396497461624962,0.033175355450236976,0.7085,3.457121,0.0016339869281045694
601717.SH,2026-03-26,C35专用设备制造业,0.5920189919692623,0.0,0.11555056377120064,0.0022768670309654127,0.7545,0.978865,-0.0780465540848928
603338.SH,2026-03-26,C35专用设备制造业,0.44512201907347854,0.0,0.07060653983190278,0.02894840488381245,0.564,2.993799,-0.014804299330764659
688012.SH,2026-03-26,C35专用设备制造业,0.11206739464151994,0.0,0.011020187341201167,0.025787965616045905,0.9427,15.470816,-0.02225490196078428
688037.SH,2026-03-26,C35专用设备制造业,0.08184427898259376,0.0,0.002168136439854835,0.01037895244991549,1.9152,16.970529,0.015000000000000124
688114.SH,2026-03-26,C35专用设备制造业,0.3753965125663983,0.0,100000000.0,0.05956232159847752,0.4462,7.405425,0.009712666936462888
688120.SH,2026-03-26,C35专用设备制造业,0.12404126952270036,0.0,0.018695816136220556,0.03144357265058095,0.8427,12.491338,0.04702156170057248
688301.SH,2026-03-26,C35专用设备制造业,0.26313552821694364,0.0,0.029875109197258505,0.08183492676081039,2.3878,9.628172,0.03238440962934641
688361.SH,2026-03-26,C35专用设备制造业,0.04673345750101435,0.0,0.0010584106268652113,0.03213375598234813,1.6715,26.556016,-0.03429231954790657
688425.SH,2026-03-26,C35专用设备制造业,0.7113311495467042,0.0,0.056746793706848674,0.04854368932038833,0.6695,2.601628,0.024489795918367196
688617.SH,2026-03-26,C35专用设备制造业,0.09166571639874,0.0,0.02435492035758381,0.021025641025640862,0.7142,13.040188,0.07274401473296521
000519.SZ,2026-03-27,C35专用设备制造业,0.4252451006448842,0.0,100000000.0,0.03046594982078865,2.5769,4.554169,-0.04057971014492745
000528.SZ,2026-03-27,C35专用设备制造业,0.9574976373745797,0.0,0.07688117077107048,0.015789473684210575,1.0315,0.57763,-0.0117647058823529
000967.SZ,2026-03-27,C35专用设备制造业,0.5985156811108451,0.0,0.013359579563343478,0.06753554502369674,1.4109,2.131871,0.0
002008.SZ,2026-03-27,C35专用设备制造业,0.262201961585315,0.0,0.01747793563557945,0.026784331939928796,2.0208,3.729217,0.01590836780146354
002223.SZ,2026-03-27,C35专用设备制造业,0.3969325055967483,0.0,0.05108449052901208,0.029142857142857248,0.836,4.214369,-0.022366097704532018
002353.SZ,2026-03-27,C35专用设备制造业,0.22028464741569762,0.0,0.028212453315442875,0.021214642262895156,1.7324,6.392602,0.09338085539714869
002430.SZ,2026-03-27,C35专用设备制造业,0.3439231868197629,0.0,0.03571924941426682,0.03530259365994226,1.9048,1.900881,-0.03479471120389699
002432.SZ,2026-03-27,C35专用设备制造业,0.6952396247652697,0.0,0.05919144603104485,0.10070558050032075,11.2331,20.335768,0.18196386946386944
002595.SZ,2026-03-27,C35专用设备制造业,0.17122956353755484,0.0,0.035829784303623595,0.03438262283656646,0.4656,6.318892,-0.05136533140863708
002837.SZ,2026-03-27,C35专用设备制造业,0.03642856265969599,0.0,0.005486492652859378,0.11304761904761906,4.7299,15.83579,-0.10200794588210027
300003.SZ,2026-03-27,C35专用设备制造业,0.5284166628796806,0.0,0.014241182109258633,0.031026252983293756,1.964,4.7849,-0.006157635467980205
300450.SZ,2026-03-27,C35专用设备制造业,0.1534561391663035,0.0,0.010403805720455588,0.012038359518465658,3.4192,6.299625,-0.06552419354838712
300529.SZ,2026-03-27,C35专用设备制造业,0.23391960604195627,0.0,0.0340457740665917,0.02904109589041104,0.6878,6.944897,-0.023137697516930067
300604.SZ,2026-03-27,C35专用设备制造业,0.055054392363295124,0.0,0.012375832805369993,0.004287332146901801,2.346,15.985742,-0.06572426679665289
300724.SZ,2026-03-27,C35专用设备制造业,0.31977446946217775,0.0,0.08205841229609202,0.07064291247095267,6.1631,2.126746,-0.13802300383397237
300751.SZ,2026-03-27,C35专用设备制造业,0.10276746620440491,0.0,0.010861183335264995,0.0004020467836256536,5.4288,9.25087,-0.1961930510394213
300757.SZ,2026-03-27,C35专用设备制造业,0.024689976605259567,0.0,100000000.0,0.11001379310344817,7.0658,133.253394,0.07858243451463798
600031.SH,2026-03-27,C35专用设备制造业,0.4167039963996775,0.0,0.04678882886765934,0.013896037056098764,0.6526,2.045547,0.03757828810020869
600499.SH,2026-03-27,C35专用设备制造业,0.390302847688607,0.0,0.045082569176272035,0.08108108108108114,1.8357,1.936087,-0.04047619047619044
600528.SH,2026-03-27,C35专用设备制造业,1.440054837288204,0.0,0.08380728447888253,0.02634880803011297,0.5298,0.603818,0.030927835051546504
600582.SH,2026-03-27,C35专用设备制造业,1.0667713524953915,0.0,0.10193811887269082,0.03494176372712143,1.4341,0.820856,-0.024137931034482696
601106.SH,2026-03-27,C35专用设备制造业,0.18009934640146197,0.0,100000000.0,0.011574074074074292,0.6375,3.067819,-0.023419203747072515
601399.SH,2026-03-27,C35专用设备制造业,0.45793144125220436,0.0,0.014817430365671215,0.006651884700665023,0.6251,2.327398,-0.02008928571428592
601608.SH,2026-03-27,C35专用设备制造业,0.33230065366861583,0.0,0.01335286055661132,0.012861736334405127,0.5685,3.468419,-0.01628664495113996
601717.SH,2026-03-27,C35专用设备制造业,0.5893293667538089,0.0,0.11502557191001918,0.0041058394160584655,0.6501,0.983333,-0.09404815992730575
603338.SH,2026-03-27,C35专用设备制造业,0.44584538973574744,0.0,0.07072127782599398,0.01736526946107797,0.3886,2.988942,-0.028234816169002475
688012.SH,2026-03-27,C35专用设备制造业,0.11221039898651568,0.0,0.011034250567549437,0.011930164888457773,1.0432,15.451099,-0.03962566669938816
688037.SH,2026-03-27,C35专用设备制造业,0.078219474458995,0.0,0.002072111747411733,0.03993697351675651,2.7729,17.756968,-0.04277389277389276
688114.SH,2026-03-27,C35专用设备制造业,0.37044912511030126,0.0,100000000.0,0.02889276711266242,0.6521,7.504324,-0.036741214057507965
688120.SH,2026-03-27,C35专用设备制造业,0.11917776400347665,0.0,0.017962775847388115,0.003405754550792617,1.1466,13.001095,-0.002399344569288364
688301.SH,2026-03-27,C35专用设备制造业,0.2598096997872938,0.0,0.02949751397901936,0.06259946949602124,1.266,9.751421,0.005659309564233217
688361.SH,2026-03-27,C35专用设备制造业,0.04632589124876582,0.0,0.001049180105511469,0.044522839243354984,1.3851,26.789651,-0.03437519893054941
688425.SH,2026-03-27,C35专用设备制造业,0.71278580928988,0.0,0.05686284176487022,0.02589641434262946,0.3572,2.596319,-0.002044989775051076
688617.SH,2026-03-27,C35专用设备制造业,0.08867786709511083,0.0,0.02356107008160188,0.06641046677317664,1.1285,13.479555,0.03599627485119661
000519.SZ,2026-03-30,C35专用设备制造业,0.426481243994611,-0.1890617633191891,100000000.0,0.2853014064039565,1.7643,4.540968,0.0
000528.SZ,2026-03-30,C35专用设备制造业,0.9605797290780933,-0.20068610634648365,0.07712864255440192,0.2350923216627988,1.2661,0.575776,0.0
000967.SZ,2026-03-30,C35专用设备制造业,0.617005536390678,0.038004750593824355,0.013772289624419747,0.017550804961731226,1.322,2.067986,0.0
002008.SZ,2026-03-30,C35专用设备制造业,0.2581364612588799,-0.14433127847761995,0.017206938732457742,0.2102745172088386,2.4639,3.787949,0.0
002223.SZ,2026-03-30,C35专用设备制造业,0.3933439903331781,-0.09668071654373034,0.05062265870203503,0.12240611289431358,0.5942,4.252817,0.0
002353.SZ,2026-03-30,C35专用设备制造业,0.23064241292556986,-0.24961996959756771,0.02953900134780555,0.24951335978946543,5.7974,6.105521,0.0
002430.SZ,2026-03-30,C35专用设备制造业,0.34178253949211795,-0.13387241689128482,0.035496930402943404,0.12157733492407174,1.7998,1.912786,0.0
002432.SZ,2026-03-30,C35专用设备制造业,0.6320696995899132,0.5461806266639362,0.05381325573318354,0.29865914616162303,13.2583,22.36816,0.0
002595.SZ,2026-03-30,C35专用设备制造业,0.1719120174923916,-0.142679643818596,0.03597258428628306,0.13358438292821773,0.4186,6.293808,0.0
002837.SZ,2026-03-30,C35专用设备制造业,0.0377920465428705,-0.19162539396668166,0.005691846536274317,0.1076458021299469,4.3295,15.264457,0.0
300003.SZ,2026-03-30,C35专用设备制造业,0.5239003332006119,-0.07822172200337651,0.014119462655609715,0.13363409313739716,1.4012,4.826149,0.0
300450.SZ,2026-03-30,C35专用设备制造业,0.15370403672911662,-0.07057057057057048,0.010420613148252406,0.11994543812725633,3.0609,6.289464,0.0
300529.SZ,2026-03-30,C35专用设备制造业,0.2327375639591918,-0.0795865633074937,0.03387372998071027,0.09497994985253366,0.619,6.98017,0.0
300604.SZ,2026-03-30,C35专用设备制造业,0.054001474132240865,-0.1049215406562054,0.012139144654259982,0.17748564322030802,3.3162,16.297431,0.0
300724.SZ,2026-03-30,C35专用设备制造业,0.34240548067908594,-0.061007290706444284,0.08786584923309808,0.06639711704996099,8.4449,1.98618,0.0
300751.SZ,2026-03-30,C35专用设备制造业,0.12201658766702697,-0.16268342292604965,0.01289556450997764,0.03323565625079017,9.7205,7.791469,0.0
300757.SZ,2026-03-30,C35专用设备制造业,0.025632779772947912,-0.08755326411940578,100000000.0,0.23126195156038787,5.2516,128.35218,0.0
600031.SH,2026-03-30,C35专用设备制造业,0.4231079564181881,-0.17849368741837168,0.04750789272375767,0.19028993406716543,0.7679,2.014587,0.0
600499.SH,2026-03-30,C35专用设备制造业,0.41166527661024926,-0.09785067873303166,0.042787563555042374,0.16047559545521695,2.1365,1.7591,0.0
600528.SH,2026-03-30,C35专用设备制造业,1.3601093527919645,-0.017667844522968212,0.0737698798760784,0.13563031101090395,3.0265,0.669108,0.0
600582.SH,2026-03-30,C35专用设备制造业,1.0798028280036065,-0.06677524429967419,0.10318344665111416,0.07203840219441104,1.0126,0.81095,0.0
601106.SH,2026-03-30,C35专用设备制造业,0.17801484608213355,-0.1644100580270792,100000000.0,0.20537391344876588,0.6569,3.103741,0.0
601399.SH,2026-03-30,C35专用设备制造业,0.45387887153003925,-0.14068441064638793,0.014686302703761547,0.1942974642594414,0.7199,2.348179,0.0
601608.SH,2026-03-30,C35专用设备制造业,0.3306849874968006,-0.20998719590268888,0.013287935897615285,0.2522169256324187,0.589,3.485365,0.0
601717.SH,2026-03-30,C35专用设备制造业,0.5914790347298745,-0.13898704358068315,0.11544517970196673,0.17980337011129544,1.1088,0.979759,0.0
603338.SH,2026-03-30,C35专用设备制造业,0.4496817377501074,-0.16378276511906797,0.07132982038723247,0.2005287294351259,0.4848,2.963442,0.0
688012.SH,2026-03-30,C35专用设备制造业,0.10826741922627987,-0.09279945007733281,0.010646515509923644,0.15747171898489576,1.6562,16.013812,0.0
688037.SH,2026-03-30,C35专用设备制造业,0.07616877751930326,-0.1840911195481063,0.002017786721343898,0.3104573707465723,3.4637,18.23504,0.0
688114.SH,2026-03-30,C35专用设备制造业,0.37365744878651,-0.20164013506994694,100000000.0,0.21490544119239596,0.6301,7.43989,0.0
688120.SH,2026-03-30,C35专用设备制造业,0.11195764776534214,-0.052604166666666674,0.016874541613623655,0.1728160154165127,1.9175,13.839532,0.0
688301.SH,2026-03-30,C35专用设备制造业,0.26616124420799864,-0.20654757341102514,0.03021863332302374,0.15123036665611866,1.6118,9.518719,0.0
688361.SH,2026-03-30,C35专用设备制造业,0.045778033849926236,-0.13273322422258593,0.0010367723645655499,0.15373515100485957,2.2834,27.110261,0.0
688425.SH,2026-03-30,C35专用设备制造业,0.6794387564096553,-0.05524861878453036,0.054202589658807164,0.1329797112215051,1.2571,2.723746,0.0
688617.SH,2026-03-30,C35专用设备制造业,0.08867427350054465,0.03503478333752397,0.02356011641713205,0.07999907670762263,0.7575,13.480101,0.0
