trade_date,stock_code,model,rank,market_id,universe_id,total_score,stock_score,selection_signal,time_regime_score,cluster_label,top_factor_1,top_factor_1_score,top_factor_2,top_factor_2_score,top_factor_3,top_factor_3_score
2026-03-16,600098.SH,tucker,"(2, 2, 2)",cn_a,SIZE_SMALL,1.1601947037891884,1.1601947037891884,1.1601947037891884,0.0,0,momentum_factor,0.6635537147521973,quality_factor,0.24423807859420776,value_factor,0.07589904963970184
2026-03-16,600023.SH,tucker,"(2, 2, 2)",cn_a,SIZE_SMALL,0.9947633818619049,0.9947633818619049,0.9947633818619049,0.0,0,momentum_factor,0.46318790316581726,quality_factor,0.3060730993747711,value_factor,0.20560325682163239
2026-03-16,600008.SH,tucker,"(2, 2, 2)",cn_a,SIZE_SMALL,0.579882760145312,0.579882760145312,0.579882760145312,0.0,0,momentum_factor,0.6723310947418213,quality_factor,0.2403428703546524,value_factor,0.06888159364461899
2026-03-16,600096.SH,tucker,"(2, 2, 2)",cn_a,SIZE_SMALL,0.5358972474048109,0.5358972474048109,0.5358972474048109,0.0,1,momentum_factor,0.6386752128601074,value_factor,0.2342156022787094,volatility_factor,0.08922263979911804
2026-03-16,600007.SH,tucker,"(2, 2, 2)",cn_a,SIZE_SMALL,-0.11493950890326401,-0.11493950890326401,-0.11493950890326401,0.0,1,value_factor,0.36174580454826355,momentum_factor,0.2932335436344147,quality_factor,0.2432272583246231
2026-03-16,600061.SH,tucker,"(2, 2, 2)",cn_a,SIZE_SMALL,-0.24261131759319948,-0.24261131759319948,-0.24261131759319948,0.0,1,momentum_factor,0.5394811034202576,value_factor,0.27083611488342285,quality_factor,0.09685046970844269
2026-03-16,600062.SH,tucker,"(2, 2, 2)",cn_a,SIZE_SMALL,-0.27116861041032336,-0.27116861041032336,-0.27116861041032336,0.0,1,momentum_factor,0.7307204604148865,value_factor,0.10432694852352142,quality_factor,0.1020287275314331
2026-03-16,600109.SH,tucker,"(2, 2, 2)",cn_a,SIZE_SMALL,-0.3636789535945189,-0.3636789535945189,-0.3636789535945189,0.0,1,momentum_factor,0.6055923104286194,value_factor,0.2464291751384735,volatility_factor,0.09042654931545258
2026-03-16,600060.SH,tucker,"(2, 2, 2)",cn_a,SIZE_SMALL,-0.3902110571461356,-0.3902110571461356,-0.3902110571461356,0.0,1,momentum_factor,0.7249853610992432,value_factor,0.12587366998195648,quality_factor,0.08135917037725449
2026-03-16,600004.SH,tucker,"(2, 2, 2)",cn_a,SIZE_SMALL,-0.4241094865305177,-0.4241094865305177,-0.4241094865305177,0.0,1,momentum_factor,0.7390053868293762,quality_factor,0.13188834488391876,value_factor,0.07320016622543335
2026-03-16,600038.SH,tucker,"(2, 2, 2)",cn_a,SIZE_SMALL,-0.59094402312684,-0.59094402312684,-0.59094402312684,0.0,0,quality_factor,0.37397634983062744,value_factor,0.3666781187057495,momentum_factor,0.18100802600383759
2026-03-16,600095.SH,tucker,"(2, 2, 2)",cn_a,SIZE_SMALL,-1.2948145685514287,-1.2948145685514287,-1.2948145685514287,0.0,0,momentum_factor,0.4612985849380493,quality_factor,0.3065277338027954,value_factor,0.2066817432641983
2026-03-17,600098.SH,tucker,"(2, 2, 2)",cn_a,SIZE_SMALL,1.1879501609375287,1.1715533733185972,1.1879501609375287,0.013995734974741936,0,momentum_factor,0.6606770157814026,quality_factor,0.24551458656787872,value_factor,0.07819880545139313
2026-03-17,600023.SH,tucker,"(2, 2, 2)",cn_a,SIZE_SMALL,1.0205041494681615,1.0064185502963392,1.0205041494681615,0.013995734974741936,0,momentum_factor,0.4594211280345917,quality_factor,0.30697953701019287,value_factor,0.20775341987609863
2026-03-17,600008.SH,tucker,"(2, 2, 2)",cn_a,SIZE_SMALL,0.5936988206072691,0.5855042398990811,0.5936988206072691,0.013995734974741936,0,momentum_factor,0.669490396976471,quality_factor,0.2416035234928131,value_factor,0.0711527168750763
2026-03-17,600096.SH,tucker,"(2, 2, 2)",cn_a,SIZE_SMALL,0.5443267028112537,0.5368135851445449,0.5443267028112537,0.013995734974741936,1,momentum_factor,0.637067437171936,value_factor,0.23480913043022156,volatility_factor,0.08928113430738449
2026-03-17,600007.SH,tucker,"(2, 2, 2)",cn_a,SIZE_SMALL,-0.12031945178759705,-0.11865873186662787,-0.12031945178759705,0.013995734974741936,1,value_factor,0.3624752461910248,momentum_factor,0.2912576496601105,quality_factor,0.24440176784992218
2026-03-17,600061.SH,tucker,"(2, 2, 2)",cn_a,SIZE_SMALL,-0.2447098413599708,-0.241332212037647,-0.2447098413599708,0.013995734974741936,1,momentum_factor,0.5373891592025757,value_factor,0.2716083526611328,quality_factor,0.09809396415948868
2026-03-17,600062.SH,tucker,"(2, 2, 2)",cn_a,SIZE_SMALL,-0.27687320399708043,-0.27305163700496826,-0.27687320399708043,0.013995734974741936,1,momentum_factor,0.7308676838874817,value_factor,0.10377390682697296,quality_factor,0.10255927592515945
2026-03-17,600109.SH,tucker,"(2, 2, 2)",cn_a,SIZE_SMALL,-0.36881982907592864,-0.3637291606237808,-0.36881982907592864,0.013995734974741936,1,momentum_factor,0.6037890315055847,value_factor,0.24709488451480865,volatility_factor,0.09049216657876968
2026-03-17,600060.SH,tucker,"(2, 2, 2)",cn_a,SIZE_SMALL,-0.39822268582944614,-0.3927261818351769,-0.39822268582944614,0.013995734974741936,1,momentum_factor,0.7250617742538452,value_factor,0.12558692693710327,quality_factor,0.08163426071405411
2026-03-17,600004.SH,tucker,"(2, 2, 2)",cn_a,SIZE_SMALL,-0.43330301796693993,-0.42732231457224623,-0.43330301796693993,0.013995734974741936,1,momentum_factor,0.7392578125,quality_factor,0.13279791176319122,value_factor,0.07225200533866882
2026-03-17,600038.SH,tucker,"(2, 2, 2)",cn_a,SIZE_SMALL,-0.6080277973366046,-0.5996354396543034,-0.6080277973366046,0.013995734974741936,0,quality_factor,0.37452393770217896,value_factor,0.3679770827293396,momentum_factor,0.17873245477676392
2026-03-17,600095.SH,tucker,"(2, 2, 2)",cn_a,SIZE_SMALL,-1.3283429084677902,-1.3100083374803415,-1.3283429084677902,0.013995734974741936,0,momentum_factor,0.45753711462020874,quality_factor,0.3074328601360321,value_factor,0.20882883667945862
2026-03-18,600098.SH,tucker,"(2, 2, 2)",cn_a,SIZE_SMALL,1.2455097275254976,1.1824320836873592,1.2455097275254976,0.0533456988632679,0,momentum_factor,0.6676204800605774,quality_factor,0.2424333244562149,value_factor,0.07264770567417145
2026-03-18,600023.SH,tucker,"(2, 2, 2)",cn_a,SIZE_SMALL,1.065033430881778,1.0110958357396347,1.065033430881778,0.0533456988632679,0,momentum_factor,0.46855735778808594,quality_factor,0.3047810196876526,value_factor,0.20253828167915344
2026-03-18,600008.SH,tucker,"(2, 2, 2)",cn_a,SIZE_SMALL,0.6226082913741178,0.591076892472888,0.6226082913741178,0.0533456988632679,0,momentum_factor,0.6763463616371155,quality_factor,0.23856103420257568,value_factor,0.06567150354385376
2026-03-18,600096.SH,tucker,"(2, 2, 2)",cn_a,SIZE_SMALL,0.5818129641966812,0.5523476054564311,0.5818129641966812,0.0533456988632679,1,momentum_factor,0.6409415602684021,value_factor,0.23337891697883606,volatility_factor,0.0891401618719101
2026-03-18,600007.SH,tucker,"(2, 2, 2)",cn_a,SIZE_SMALL,-0.11949287476711588,-0.11344127289747002,-0.11949287476711588,0.0533456988632679,1,value_factor,0.3607041835784912,momentum_factor,0.29605504870414734,quality_factor,0.24155005812644958
2026-03-18,600061.SH,tucker,"(2, 2, 2)",cn_a,SIZE_SMALL,-0.2659443102536176,-0.25247581610039654,-0.2659443102536176,0.0533456988632679,1,momentum_factor,0.5424408912658691,value_factor,0.2697433531284332,quality_factor,0.09509105235338211
2026-03-18,600062.SH,tucker,"(2, 2, 2)",cn_a,SIZE_SMALL,-0.2922690466000966,-0.2774673614595237,-0.2922690466000966,0.0533456988632679,1,momentum_factor,0.730514407157898,value_factor,0.10510092973709106,quality_factor,0.10128623992204666
2026-03-18,600109.SH,tucker,"(2, 2, 2)",cn_a,SIZE_SMALL,-0.39569819756972063,-0.3756584424220153,-0.39569819756972063,0.0533456988632679,1,momentum_factor,0.6081373691558838,value_factor,0.24548956751823425,volatility_factor,0.09033392369747162
2026-03-18,600060.SH,tucker,"(2, 2, 2)",cn_a,SIZE_SMALL,-0.42086694720048234,-0.3995525449023171,-0.42086694720048234,0.0533456988632679,1,momentum_factor,0.7248786091804504,value_factor,0.12627512216567993,quality_factor,0.08097407221794128
2026-03-18,600004.SH,tucker,"(2, 2, 2)",cn_a,SIZE_SMALL,-0.4567082560700543,-0.4335787051097753,-0.4567082560700543,0.0533456988632679,1,momentum_factor,0.7386524081230164,quality_factor,0.13061602413654327,value_factor,0.07452648878097534
2026-03-18,600038.SH,tucker,"(2, 2, 2)",cn_a,SIZE_SMALL,-0.6300315426881637,-0.5981242003541688,-0.6300315426881637,0.0533456988632679,0,quality_factor,0.37319111824035645,value_factor,0.3648154139518738,momentum_factor,0.18427130579948425
2026-03-18,600095.SH,tucker,"(2, 2, 2)",cn_a,SIZE_SMALL,-1.3862455872988044,-1.3160405110192739,-1.3862455872988044,0.0533456988632679,0,momentum_factor,0.4666605293750763,quality_factor,0.30523741245269775,value_factor,0.20362098515033722
2026-03-19,600098.SH,tucker,"(2, 2, 2)",cn_a,SIZE_SMALL,1.3435192868599457,1.083070441307773,1.3435192868599457,0.2404727190732956,0,momentum_factor,0.6449845433235168,quality_factor,0.2524784803390503,value_factor,0.09074469655752182
2026-03-19,600023.SH,tucker,"(2, 2, 2)",cn_a,SIZE_SMALL,1.1661325626099202,0.9400711411900642,1.1661325626099202,0.2404727190732956,0,momentum_factor,0.4393145740032196,quality_factor,0.3118179142475128,value_factor,0.21923071146011353
2026-03-19,600008.SH,tucker,"(2, 2, 2)",cn_a,SIZE_SMALL,0.6710984061095144,0.5410021679441246,0.6710984061095144,0.2404727190732956,0,momentum_factor,0.6539838314056396,quality_factor,0.24848482012748718,value_factor,0.08354989439249039
2026-03-19,600096.SH,tucker,"(2, 2, 2)",cn_a,SIZE_SMALL,0.5885192280758659,0.4744314326592054,0.5885192280758659,0.2404727190732956,1,momentum_factor,0.6282275915145874,value_factor,0.23807263374328613,volatility_factor,0.08960282802581787
2026-03-19,600007.SH,tucker,"(2, 2, 2)",cn_a,SIZE_SMALL,-0.15230371222539027,-0.12277877245684915,-0.15230371222539027,0.2404727190732956,1,value_factor,0.3663511574268341,momentum_factor,0.2807588577270508,quality_factor,0.2506425380706787
2026-03-19,600061.SH,tucker,"(2, 2, 2)",cn_a,SIZE_SMALL,-0.253894326025636,-0.204675468691497,-0.253894326025636,0.2404727190732956,1,momentum_factor,0.5260009169578552,value_factor,0.27581271529197693,quality_factor,0.1048634797334671
2026-03-19,600062.SH,tucker,"(2, 2, 2)",cn_a,SIZE_SMALL,-0.3083029913038128,-0.24853670513978682,-0.3083029913038128,0.2404727190732956,1,momentum_factor,0.7316931486129761,quality_factor,0.10553435236215591,value_factor,0.10067256540060043
2026-03-19,600109.SH,tucker,"(2, 2, 2)",cn_a,SIZE_SMALL,-0.3951582634048475,-0.3185545893669901,-0.3951582634048475,0.2404727190732956,1,momentum_factor,0.5939069390296936,value_factor,0.25074315071105957,volatility_factor,0.09085176885128021
2026-03-19,600060.SH,tucker,"(2, 2, 2)",cn_a,SIZE_SMALL,-0.442207159212022,-0.3564827894630353,-0.442207159212022,0.2404727190732956,1,momentum_factor,0.7254893779754639,value_factor,0.12398028373718262,quality_factor,0.08317548781633377
2026-03-19,600004.SH,tucker,"(2, 2, 2)",cn_a,SIZE_SMALL,-0.48417009663365346,-0.3903109730971081,-0.48417009663365346,0.2404727190732956,1,momentum_factor,0.7406748533248901,quality_factor,0.1379050761461258,value_factor,0.06692810356616974
2026-03-19,600038.SH,tucker,"(2, 2, 2)",cn_a,SIZE_SMALL,-0.7058319956563384,-0.5690024538548718,-0.7058319956563384,0.2404727190732956,0,quality_factor,0.377401739358902,value_factor,0.37480348348617554,momentum_factor,0.16677355766296387
2026-03-19,600095.SH,tucker,"(2, 2, 2)",cn_a,SIZE_SMALL,-1.5180445459414793,-1.2237629875343123,-1.5180445459414793,0.2404727190732956,0,momentum_factor,0.43746131658554077,quality_factor,0.3122638761997223,value_factor,0.22028858959674835
2026-03-20,600098.SH,tucker,"(2, 2, 2)",cn_a,SIZE_SMALL,1.1365491337406546,1.059808301584869,1.1365491337406546,0.07241015136241913,0,momentum_factor,0.6359142065048218,quality_factor,0.2565036118030548,value_factor,0.09799623489379883
2026-03-20,600023.SH,tucker,"(2, 2, 2)",cn_a,SIZE_SMALL,0.9923503070270533,0.9253459109208637,0.9923503070270533,0.07241015136241913,0,momentum_factor,0.428023099899292,quality_factor,0.31453508138656616,value_factor,0.22567614912986755
2026-03-20,600008.SH,tucker,"(2, 2, 2)",cn_a,SIZE_SMALL,0.5675446442675751,0.5292235132282975,0.5675446442675751,0.07241015136241913,0,momentum_factor,0.6450137495994568,quality_factor,0.2524655759334564,value_factor,0.09072139859199524
2026-03-20,600096.SH,tucker,"(2, 2, 2)",cn_a,SIZE_SMALL,0.4846113063463414,0.4518899097810023,0.4846113063463414,0.07241015136241913,1,momentum_factor,0.6230642199516296,value_factor,0.2399788796901703,volatility_factor,0.08979073166847229
2026-03-20,600007.SH,tucker,"(2, 2, 2)",cn_a,SIZE_SMALL,-0.13677593001068114,-0.12754069470382262,-0.13677593001068114,0.07241015136241913,1,value_factor,0.3685148060321808,momentum_factor,0.27489832043647766,quality_factor,0.25412625074386597
2026-03-20,600061.SH,tucker,"(2, 2, 2)",cn_a,SIZE_SMALL,-0.20360322505978848,-0.18985574995568513,-0.20360322505978848,0.07241015136241913,1,momentum_factor,0.5194367170333862,value_factor,0.2782360911369324,quality_factor,0.10876543074846268
2026-03-20,600062.SH,tucker,"(2, 2, 2)",cn_a,SIZE_SMALL,-0.25844778406359037,-0.24099715440837965,-0.25844778406359037,0.07241015136241913,1,momentum_factor,0.7321882843971252,quality_factor,0.10731890052556992,value_factor,0.09881226718425751
2026-03-20,600109.SH,tucker,"(2, 2, 2)",cn_a,SIZE_SMALL,-0.32354590572637204,-0.3016997916350961,-0.32354590572637204,0.07241015136241913,1,momentum_factor,0.5881604552268982,value_factor,0.25286465883255005,volatility_factor,0.09106089919805527
2026-03-20,600060.SH,tucker,"(2, 2, 2)",cn_a,SIZE_SMALL,-0.3700923745187851,-0.3451034004815544,-0.3700923745187851,0.07241015136241913,1,momentum_factor,0.7257456183433533,value_factor,0.12301775068044662,quality_factor,0.08409885317087173
2026-03-20,600004.SH,tucker,"(2, 2, 2)",cn_a,SIZE_SMALL,-0.4067099395260178,-0.37924851416508143,-0.4067099395260178,0.07241015136241913,1,momentum_factor,0.7415263056755066,quality_factor,0.14097391068935394,value_factor,0.06372903287410736
2026-03-20,600038.SH,tucker,"(2, 2, 2)",cn_a,SIZE_SMALL,-0.6059870397169285,-0.5650702431412779,-0.6059870397169285,0.07241015136241913,0,quality_factor,0.378985196352005,value_factor,0.37855976819992065,momentum_factor,0.16019314527511597
2026-03-20,600095.SH,tucker,"(2, 2, 2)",cn_a,SIZE_SMALL,-1.2918884354721507,-1.2046589522519457,-1.2918884354721507,0.07241015136241913,0,momentum_factor,0.4261886775493622,quality_factor,0.3149765431880951,value_factor,0.2267232984304428
2026-03-23,600098.SH,tucker,"(2, 2, 2)",cn_a,SIZE_SMALL,1.2187174367618268,1.104366518536192,1.2187174367618268,0.10354439914226532,0,momentum_factor,0.646317183971405,quality_factor,0.25188708305358887,value_factor,0.08967924118041992
2026-03-23,600023.SH,tucker,"(2, 2, 2)",cn_a,SIZE_SMALL,1.0568850267502614,0.9577186657692165,1.0568850267502614,0.10354439914226532,0,momentum_factor,0.44099363684654236,quality_factor,0.31141388416290283,value_factor,0.21827226877212524
2026-03-23,600008.SH,tucker,"(2, 2, 2)",cn_a,SIZE_SMALL,0.6087857744277836,0.5516640740166602,0.6087857744277836,0.10354439914226532,0,momentum_factor,0.6553013920783997,quality_factor,0.24790020287036896,value_factor,0.08249658346176147
2026-03-23,600096.SH,tucker,"(2, 2, 2)",cn_a,SIZE_SMALL,0.5359375587200735,0.4856511263587859,0.5359375587200735,0.10354439914226532,1,momentum_factor,0.6289828419685364,value_factor,0.23779378831386566,volatility_factor,0.08957533538341522
2026-03-23,600007.SH,tucker,"(2, 2, 2)",cn_a,SIZE_SMALL,-0.13690584800282404,-0.12406012268754603,-0.13690584800282404,0.10354439914226532,1,value_factor,0.36602869629859924,momentum_factor,0.28163251280784607,quality_factor,0.2501232326030731
2026-03-23,600061.SH,tucker,"(2, 2, 2)",cn_a,SIZE_SMALL,-0.23207079868169006,-0.21029585059108197,-0.23207079868169006,0.10354439914226532,1,momentum_factor,0.5269665122032166,value_factor,0.2754562497138977,quality_factor,0.10428952425718307
2026-03-23,600062.SH,tucker,"(2, 2, 2)",cn_a,SIZE_SMALL,-0.28003614606371824,-0.25376066212230625,-0.28003614606371824,0.10354439914226532,1,momentum_factor,0.7316215634346008,quality_factor,0.10527624934911728,value_factor,0.10094162821769714
2026-03-23,600109.SH,tucker,"(2, 2, 2)",cn_a,SIZE_SMALL,-0.3601430729370658,-0.3263512440514637,-0.3601430729370658,0.10354439914226532,1,momentum_factor,0.5947490930557251,value_factor,0.25043222308158875,volatility_factor,0.09082112461328506
2026-03-23,600060.SH,tucker,"(2, 2, 2)",cn_a,SIZE_SMALL,-0.4017587696820518,-0.3640621856892831,-0.4017587696820518,0.10354439914226532,1,momentum_factor,0.7254522442817688,value_factor,0.12411956489086151,quality_factor,0.08304186165332794
2026-03-23,600004.SH,tucker,"(2, 2, 2)",cn_a,SIZE_SMALL,-0.4396473915528,-0.39839575979380276,-0.4396473915528,0.10354439914226532,1,momentum_factor,0.7405518293380737,quality_factor,0.1374615579843521,value_factor,0.06739044189453125
2026-03-23,600038.SH,tucker,"(2, 2, 2)",cn_a,SIZE_SMALL,-0.6388655788939085,-0.578921523474976,-0.6388655788939085,0.10354439914226532,0,quality_factor,0.3771643042564392,value_factor,0.37424027919769287,momentum_factor,0.16776031255722046
2026-03-23,600095.SH,tucker,"(2, 2, 2)",cn_a,SIZE_SMALL,-1.375817646221567,-1.2467261879303912,-1.375817646221567,0.10354439914226532,0,momentum_factor,0.43913766741752625,quality_factor,0.31186050176620483,value_factor,0.21933169662952423
2026-03-24,600098.SH,tucker,"(2, 2, 2)",cn_a,SIZE_SMALL,1.3159082975607677,0.9018824437707972,1.3159082975607677,0.45906853675842285,0,momentum_factor,0.5926399230957031,quality_factor,0.2749219834804535,value_factor,0.131709024310112
2026-03-24,600023.SH,tucker,"(2, 2, 2)",cn_a,SIZE_SMALL,1.1806832878182938,0.8092034459473639,1.1806832878182938,0.45906853675842285,0,momentum_factor,0.378202348947525,quality_factor,0.3265238404273987,value_factor,0.2541149854660034
2026-03-24,600008.SH,tucker,"(2, 2, 2)",cn_a,SIZE_SMALL,0.6561857818736202,0.4497292384437624,0.6561857818736202,0.45906853675842285,0,momentum_factor,0.6030014753341675,quality_factor,0.27110937237739563,value_factor,0.12430942058563232
2026-03-24,600096.SH,tucker,"(2, 2, 2)",cn_a,SIZE_SMALL,0.48938133224663116,0.3354066789308457,0.48938133224663116,0.45906853675842285,1,momentum_factor,0.5983824729919434,value_factor,0.24909086525440216,volatility_factor,0.09068890661001205
2026-03-24,600061.SH,tucker,"(2, 2, 2)",cn_a,SIZE_SMALL,-0.17522008244457654,-0.12009037137752196,-0.17522008244457654,0.45906853675842285,1,momentum_factor,0.48892176151275635,value_factor,0.2895016074180603,quality_factor,0.1269044429063797
2026-03-24,600007.SH,tucker,"(2, 2, 2)",cn_a,SIZE_SMALL,-0.20131452481539447,-0.13797468709910643,-0.20131452481539447,0.45906853675842285,1,value_factor,0.377950519323349,quality_factor,0.2693190276622772,momentum_factor,0.24933969974517822
2026-03-24,600062.SH,tucker,"(2, 2, 2)",cn_a,SIZE_SMALL,-0.2864529685886969,-0.19632591709852268,-0.2864529685886969,0.45906853675842285,1,momentum_factor,0.7346977591514587,quality_factor,0.1163632869720459,value_factor,0.08938407897949219
2026-03-24,600109.SH,tucker,"(2, 2, 2)",cn_a,SIZE_SMALL,-0.31647588213396505,-0.21690268425434753,-0.31647588213396505,0.45906853675842285,1,momentum_factor,0.5609497427940369,value_factor,0.26291030645370483,volatility_factor,0.09205111116170883
2026-03-24,600060.SH,tucker,"(2, 2, 2)",cn_a,SIZE_SMALL,-0.4068840188209719,-0.27886559717402737,-0.4068840188209719,0.45906853675842285,1,momentum_factor,0.7270404100418091,value_factor,0.11815286427736282,quality_factor,0.08876565843820572
2026-03-24,600004.SH,tucker,"(2, 2, 2)",cn_a,SIZE_SMALL,-0.4553380950143642,-0.3120745074977614,-0.4553380950143642,0.45906853675842285,1,momentum_factor,0.7458591461181641,quality_factor,0.1565895825624466,volatility_factor,0.050100650638341904
2026-03-24,600038.SH,tucker,"(2, 2, 2)",cn_a,SIZE_SMALL,-0.749737861262317,-0.5138469114877848,-0.749737861262317,0.45906853675842285,0,value_factor,0.3945026099681854,quality_factor,0.38570618629455566,momentum_factor,0.1322636604309082
2026-03-24,600095.SH,tucker,"(2, 2, 2)",cn_a,SIZE_SMALL,-1.53744391570742,-1.0537160366182126,-1.53744391570742,0.45906853675842285,0,momentum_factor,0.37646427750587463,quality_factor,0.3269420862197876,value_factor,0.2551071345806122
2026-03-25,600098.SH,tucker,"(2, 2, 2)",cn_a,SIZE_SMALL,0.9863621046672432,0.9345611135875282,0.9863621046672432,0.05542813614010811,0,momentum_factor,0.5990446209907532,quality_factor,0.27286529541015625,value_factor,0.12747284770011902
2026-03-25,600023.SH,tucker,"(2, 2, 2)",cn_a,SIZE_SMALL,0.8818953261564276,0.8355806393823622,0.8818953261564276,0.05542813614010811,0,momentum_factor,0.3844456076622009,quality_factor,0.32502150535583496,value_factor,0.2505512237548828
2026-03-25,600008.SH,tucker,"(2, 2, 2)",cn_a,SIZE_SMALL,0.49194593297893224,0.46611030246822777,0.49194593297893224,0.05542813614010811,0,momentum_factor,0.6084955930709839,quality_factor,0.2686712145805359,value_factor,0.11991695314645767
2026-03-25,600096.SH,tucker,"(2, 2, 2)",cn_a,SIZE_SMALL,0.37384476388929977,0.3542114779106572,0.37384476388929977,0.05542813614010811,1,momentum_factor,0.6016578078269958,value_factor,0.247881680727005,volatility_factor,0.09056971967220306
2026-03-25,600061.SH,tucker,"(2, 2, 2)",cn_a,SIZE_SMALL,-0.13726387028898177,-0.13005515405103846,-0.13726387028898177,0.05542813614010811,1,momentum_factor,0.4928910434246063,value_factor,0.28803619742393494,quality_factor,0.12454494833946228
2026-03-25,600007.SH,tucker,"(2, 2, 2)",cn_a,SIZE_SMALL,-0.14669343302096224,-0.13898950240621588,-0.14669343302096224,0.05542813614010811,1,value_factor,0.3767778277397156,quality_factor,0.2674308717250824,momentum_factor,0.25251609086990356
2026-03-25,600062.SH,tucker,"(2, 2, 2)",cn_a,SIZE_SMALL,-0.21596711318476175,-0.20462512178965464,-0.21596711318476175,0.05542813614010811,1,momentum_factor,0.7343504428863525,quality_factor,0.11511155962944031,value_factor,0.09068892896175385
2026-03-25,600109.SH,tucker,"(2, 2, 2)",cn_a,SIZE_SMALL,-0.24291113246611176,-0.2301541162075791,-0.24291113246611176,0.05542813614010811,1,momentum_factor,0.5645362734794617,value_factor,0.2615862190723419,volatility_factor,0.09192059934139252
2026-03-25,600060.SH,tucker,"(2, 2, 2)",cn_a,SIZE_SMALL,-0.30710303026636077,-0.2909748342862973,-0.30710303026636077,0.05542813614010811,1,momentum_factor,0.7268615961074829,value_factor,0.11882483214139938,quality_factor,0.08812106400728226
2026-03-25,600004.SH,tucker,"(2, 2, 2)",cn_a,SIZE_SMALL,-0.34282953620043266,-0.32482508361395324,-0.34282953620043266,0.05542813614010811,1,momentum_factor,0.7452577352523804,quality_factor,0.15442216396331787,volatility_factor,0.05061005428433418
2026-03-25,600038.SH,tucker,"(2, 2, 2)",cn_a,SIZE_SMALL,-0.5572679832471413,-0.5280018205543497,-0.5572679832471413,0.05542813614010811,0,value_factor,0.39255911111831665,quality_factor,0.38488686084747314,momentum_factor,0.13566826283931732
2026-03-25,600095.SH,tucker,"(2, 2, 2)",cn_a,SIZE_SMALL,-1.1483371245045546,-1.0880296564241243,-1.1483371245045546,0.05542813614010811,0,momentum_factor,0.382694274187088,quality_factor,0.325442910194397,value_factor,0.25155091285705566
2026-03-26,600098.SH,tucker,"(2, 2, 2)",cn_a,SIZE_SMALL,0.9333472949301654,0.9097795521811565,0.9333472949301654,0.025904880836606026,0,momentum_factor,0.6025069355964661,quality_factor,0.27132880687713623,value_factor,0.1247047409415245
2026-03-26,600023.SH,tucker,"(2, 2, 2)",cn_a,SIZE_SMALL,0.8326579808711831,0.8116327213588067,0.8326579808711831,0.025904880836606026,0,momentum_factor,0.3883868157863617,quality_factor,0.32407304644584656,value_factor,0.2483014464378357
2026-03-26,600008.SH,tucker,"(2, 2, 2)",cn_a,SIZE_SMALL,0.4655583764370684,0.4538026665206047,0.4655583764370684,0.025904880836606026,0,momentum_factor,0.6119287610054016,quality_factor,0.2671476900577545,value_factor,0.11717221140861511
2026-03-26,600096.SH,tucker,"(2, 2, 2)",cn_a,SIZE_SMALL,0.357903773357349,0.34886642562494175,0.357903773357349,0.025904880836606026,1,momentum_factor,0.6036971211433411,value_factor,0.24712882936000824,volatility_factor,0.0904955118894577
2026-03-26,600061.SH,tucker,"(2, 2, 2)",cn_a,SIZE_SMALL,-0.1333904394803801,-0.1300222274762021,-0.1333904394803801,0.025904880836606026,1,momentum_factor,0.4953745901584625,value_factor,0.2871193289756775,quality_factor,0.12306865304708481
2026-03-26,600007.SH,tucker,"(2, 2, 2)",cn_a,SIZE_SMALL,-0.13632162718971255,-0.13287940042355062,-0.13632162718971255,0.025904880836606026,1,value_factor,0.376036137342453,quality_factor,0.2662366032600403,momentum_factor,0.25452515482902527
2026-03-26,600062.SH,tucker,"(2, 2, 2)",cn_a,SIZE_SMALL,-0.20509944096171184,-0.19992052107968353,-0.20509944096171184,0.025904880836606026,1,momentum_factor,0.7341365218162537,quality_factor,0.11434046179056168,value_factor,0.09149274230003357
2026-03-26,600109.SH,tucker,"(2, 2, 2)",cn_a,SIZE_SMALL,-0.2332212868120813,-0.22733226852163751,-0.2332212868120813,0.025904880836606026,1,momentum_factor,0.5667730569839478,value_factor,0.26076042652130127,volatility_factor,0.09183919429779053
2026-03-26,600060.SH,tucker,"(2, 2, 2)",cn_a,SIZE_SMALL,-0.2918484521923395,-0.284479052526934,-0.2918484521923395,0.025904880836606026,1,momentum_factor,0.7267513275146484,value_factor,0.1192389726638794,quality_factor,0.0877237617969513
2026-03-26,600004.SH,tucker,"(2, 2, 2)",cn_a,SIZE_SMALL,-0.3253039398220494,-0.3170897631585399,-0.3253039398220494,0.025904880836606026,1,momentum_factor,0.7448875308036804,quality_factor,0.15308795869350433,value_factor,0.051100876182317734
2026-03-26,600038.SH,tucker,"(2, 2, 2)",cn_a,SIZE_SMALL,-0.5245295487222614,-0.5112847709898044,-0.5245295487222614,0.025904880836606026,0,value_factor,0.3913244307041168,quality_factor,0.38436633348464966,momentum_factor,0.13783125579357147
2026-03-26,600095.SH,tucker,"(2, 2, 2)",cn_a,SIZE_SMALL,-1.0842028019693335,-1.05682584072097,-1.0842028019693335,0.025904880836606026,0,momentum_factor,0.38662728667259216,quality_factor,0.32449647784233093,value_factor,0.2493058145046234
2026-03-27,600098.SH,tucker,"(2, 2, 2)",cn_a,SIZE_SMALL,1.117876882993078,0.8712321858246065,1.117876882993078,0.2830987572669983,0,momentum_factor,0.5322521924972534,quality_factor,0.28945356607437134,value_factor,0.16617974638938904
2026-03-27,600023.SH,tucker,"(2, 2, 2)",cn_a,SIZE_SMALL,1.0335340149599392,0.8054984521790178,1.0335340149599392,0.2830987572669983,0,quality_factor,0.33882710337638855,momentum_factor,0.32707488536834717,value_factor,0.2832997739315033
2026-03-27,600008.SH,tucker,"(2, 2, 2)",cn_a,SIZE_SMALL,0.5565477940212773,0.43375291007249733,0.5565477940212773,0.2830987572669983,0,momentum_factor,0.5443500280380249,quality_factor,0.2865423560142517,value_factor,0.15927404165267944
2026-03-27,600096.SH,tucker,"(2, 2, 2)",cn_a,SIZE_SMALL,0.3467344521367696,0.2702320973191515,0.3467344521367696,0.2830987572669983,1,momentum_factor,0.5693037509918213,value_factor,0.2598261535167694,volatility_factor,0.09174710512161255
2026-03-27,600061.SH,tucker,"(2, 2, 2)",cn_a,SIZE_SMALL,-0.09062169804537622,-0.07062722315163884,-0.09062169804537622,0.2830987572669983,1,momentum_factor,0.4547039270401001,value_factor,0.3021341562271118,quality_factor,0.14724451303482056
2026-03-27,600007.SH,tucker,"(2, 2, 2)",cn_a,SIZE_SMALL,-0.2123510997072969,-0.16549864799502503,-0.2123510997072969,0.2830987572669983,1,value_factor,0.38745030760765076,quality_factor,0.2846149802207947,momentum_factor,0.22360758483409882
2026-03-27,600109.SH,tucker,"(2, 2, 2)",cn_a,SIZE_SMALL,-0.21291477059616434,-0.16593795238360745,-0.21291477059616434,0.2830987572669983,1,momentum_factor,0.5294291973114014,value_factor,0.2745470106601715,quality_factor,0.1028255820274353
2026-03-27,600062.SH,tucker,"(2, 2, 2)",cn_a,SIZE_SMALL,-0.23104649959359025,-0.18006915603182225,-0.23104649959359025,0.2830987572669983,1,momentum_factor,0.7379952073097229,quality_factor,0.12824761867523193,value_factor,0.07699540257453918
2026-03-27,600060.SH,tucker,"(2, 2, 2)",cn_a,SIZE_SMALL,-0.32485505098030676,-0.25318009563266825,-0.32485505098030676,0.2830987572669983,1,momentum_factor,0.7287328839302063,value_factor,0.11179430782794952,quality_factor,0.0948653593659401
2026-03-27,600004.SH,tucker,"(2, 2, 2)",cn_a,SIZE_SMALL,-0.3718464597296575,-0.28980347373675586,-0.3718464597296575,0.2830987572669983,1,momentum_factor,0.7515966892242432,quality_factor,0.1772684007883072,volatility_factor,0.04524059221148491
2026-03-27,600038.SH,tucker,"(2, 2, 2)",cn_a,SIZE_SMALL,-0.683212921893014,-0.5324710586471197,-0.683212921893014,0.2830987572669983,0,value_factor,0.4098668694496155,quality_factor,0.3921831548213959,momentum_factor,0.1053476557135582
2026-03-27,600095.SH,tucker,"(2, 2, 2)",cn_a,SIZE_SMALL,-1.3461822368546144,-1.0491649935481902,-1.3461822368546144,0.2830987572669983,0,quality_factor,0.33921608328819275,momentum_factor,0.3254584074020386,value_factor,0.28422248363494873
2026-03-30,600023.SH,tucker,"(2, 2, 2)",cn_a,SIZE_SMALL,1.2080592126035705,0.6040296063017853,1.2080592126035705,1.0,0,value_factor,0.414933443069458,quality_factor,0.3943190574645996,momentum_factor,0.09647169709205627
2026-03-30,600098.SH,tucker,"(2, 2, 2)",cn_a,SIZE_SMALL,1.1037571909426853,0.5518785954713427,1.1037571909426853,1.0,0,quality_factor,0.36683186888694763,value_factor,0.349730521440506,momentum_factor,0.21069779992103577
2026-03-30,600008.SH,tucker,"(2, 2, 2)",cn_a,SIZE_SMALL,0.5440600774995525,0.27203003874977627,0.5440600774995525,1.0,0,quality_factor,0.36495524644851685,value_factor,0.34527894854545593,momentum_factor,0.21849632263183594
2026-03-30,600061.SH,tucker,"(2, 2, 2)",cn_a,SIZE_SMALL,0.26826644894448803,0.13413322447224402,0.26826644894448803,1.0,1,value_factor,0.3778083920478821,quality_factor,0.2690902054309845,momentum_factor,0.2497246265411377
2026-03-30,600109.SH,tucker,"(2, 2, 2)",cn_a,SIZE_SMALL,0.1334189028825849,0.06670945144129245,0.1334189028825849,1.0,1,value_factor,0.3537589907646179,momentum_factor,0.3148673474788666,quality_factor,0.23036742210388184
2026-03-30,600096.SH,tucker,"(2, 2, 2)",cn_a,SIZE_SMALL,-0.08155781928137301,-0.040778909640686506,-0.08155781928137301,1.0,1,momentum_factor,0.35627034306526184,value_factor,0.3384738564491272,quality_factor,0.20575633645057678
2026-03-30,600062.SH,tucker,"(2, 2, 2)",cn_a,SIZE_SMALL,-0.1525726568660463,-0.07628632843302315,-0.1525726568660463,1.0,1,momentum_factor,0.6537761092185974,quality_factor,0.2485770732164383,value_factor,0.0837160274386406
2026-03-30,600060.SH,tucker,"(2, 2, 2)",cn_a,SIZE_SMALL,-0.1929824007962809,-0.09649120039814045,-0.1929824007962809,1.0,1,momentum_factor,0.7519143223762512,quality_factor,0.17841336131095886,volatility_factor,0.044971492141485214
2026-03-30,600004.SH,tucker,"(2, 2, 2)",cn_a,SIZE_SMALL,-0.2751930438040075,-0.13759652190200375,-0.2751930438040075,1.0,1,momentum_factor,0.502947986125946,quality_factor,0.29650527238845825,value_factor,0.18290728330612183
2026-03-30,600007.SH,tucker,"(2, 2, 2)",cn_a,SIZE_SMALL,-0.46360254228599135,-0.23180127114299567,-0.46360254228599135,1.0,1,value_factor,0.4281265437602997,quality_factor,0.35010913014411926,momentum_factor,0.11342769861221313
2026-03-30,600038.SH,tucker,"(2, 2, 2)",cn_a,SIZE_SMALL,-0.9590564592852893,-0.47952822964264463,-0.9590564592852893,1.0,0,value_factor,0.4688228368759155,quality_factor,0.41703683137893677,volatility_factor,0.11207498610019684
2026-03-30,600095.SH,tucker,"(2, 2, 2)",cn_a,SIZE_SMALL,-1.5755940688708925,-0.7877970344354462,-1.5755940688708925,1.0,0,value_factor,0.4153805673122406,quality_factor,0.3945075273513794,momentum_factor,0.09568845480680466
