stock_code,trade_date,industry,value_factor,momentum_factor,quality_factor,volatility_factor,turn_factor,ps_ttm,future_return
600000.SH,2026-03-02,J66货币金融服务,2.17433372978685,0.0,0.15513932364529628,0.0,0.2204,1.85326,0.017561983471074294
600009.SH,2026-03-02,G56航空运输业,0.5640275628989437,0.0,0.03174169774469841,0.0,0.897,5.782703,-0.027703604806408655
600010.SH,2026-03-02,C31黑色金属冶炼和压延加工业,0.3463601702429509,0.0,0.006741545097956943,0.0,10.7086,2.267712,-0.0843373493975903
600011.SH,2026-03-02,D44电力、热力生产和供应业,0.5755081017153019,0.0,0.12536798638202784,0.0,1.9019,0.49616,0.024324324324324298
600015.SH,2026-03-02,J66货币金融服务,2.859683890542739,0.0,0.2520777508614757,0.0,0.7092,1.173958,0.007374631268436627
600016.SH,2026-03-02,J66货币金融服务,3.2492218113761755,0.0,0.17550538090722592,0.0,1.1537,1.2082,-0.017721518987341867
600018.SH,2026-03-02,G55水上运输业,1.1725088876173682,0.0,0.11220318470787284,0.0,0.5013,3.028048,-0.007797270955165692
600019.SH,2026-03-02,C31黑色金属冶炼和压延加工业,1.2827633801841278,0.0,0.059281591293383826,0.0,1.2394,0.51084,-0.035567715458276306
600023.SH,2026-03-02,D44电力、热力生产和供应业,1.031003300241564,0.0,0.10009147359772096,0.0,1.2596,0.904233,0.012891344383057168
600025.SH,2026-03-02,D44电力、热力生产和供应业,0.38251040045778845,0.0,0.047942975474339414,0.0,0.2885,6.880127,0.07572614107883813
600026.SH,2026-03-02,G55水上运输业,0.30240743535209447,0.0,0.026693691359799328,0.0,6.2891,5.427734,0.0035335689045936647
600027.SH,2026-03-02,D44电力、热力生产和供应业,0.8077792371655996,0.0,0.10925256713488311,0.0,2.6546,0.586973,0.0
600028.SH,2026-03-02,B07石油和天然气开采业,0.9664870611544688,0.0,0.04192931011819243,0.0,1.1489,0.304729,-0.015471167369901617
600029.SH,2026-03-02,G56航空运输业,0.2919671373468888,0.0,100000000.0,0.0,1.3549,0.715725,-0.09714285714285709
600030.SH,2026-03-02,J67资本市场服务,0.6985752557658655,0.0,0.0749042461569253,0.0,1.0756,5.361382,-0.04396010343553758
600031.SH,2026-03-02,C35专用设备制造业,0.3475858597901207,0.0,0.03902803489121931,0.0,0.6466,2.452308,-0.07400957771005656
600036.SH,2026-03-02,J66货币金融服务,1.1174844976963056,0.0,0.15399209096620797,0.0,0.3323,2.88936,0.003103180760279267
600039.SH,2026-03-02,E48土木工程建筑业,0.563565067532002,0.0,0.08765847556651482,0.0,0.344,0.812397,-0.01379310344827589
600048.SH,2026-03-02,K70房地产业,2.3729239881258883,0.0,0.01261844365226416,0.0,1.2694,0.26367,-0.06480117820324016
600050.SH,2026-03-02,I63电信、广播电视和卫星传输服务,1.1154626548680464,0.0,0.06139843532227424,0.0,0.7479,0.392746,0.008113590263691739
600061.SH,2026-03-02,J67资本市场服务,1.1357376900231122,0.0,0.07336770610364289,0.0,0.7602,3.018493,-0.027063599458727938
600066.SH,2026-03-02,C36汽车制造业,0.20024088979041785,0.0,0.07428584927371469,0.0,0.9339,1.695674,-0.027098479841374812
600085.SH,2026-03-02,C27医药制造业,0.3279341167242137,0.0,0.0324916047379388,0.0,0.5431,2.303796,-0.017774851876234288
600089.SH,2026-03-02,C38电气机械和器材制造业,0.4324627281997701,0.0,0.03343210626247874,0.0,7.8716,1.61559,0.04033026357573832
600104.SH,2026-03-02,C36汽车制造业,1.80029668889433,0.0,0.01742168564669306,0.0,0.5271,0.246439,-0.02310924369747902
600111.SH,2026-03-02,C32有色金属冶炼和压延加工业,0.10701539416445055,0.0,0.009589351922253677,0.0,5.6775,5.352614,-0.12730806608357625
600115.SH,2026-03-02,G56航空运输业,0.13364392180761422,0.0,100000000.0,0.0,2.0572,0.901713,-0.12972972972972974
600150.SH,2026-03-02,C37铁路、船舶、航空航天和其他运输设备制造业,0.49185077050882453,0.0,0.02352077936196499,0.0,1.5756,3.022461,-0.02124311565696313
600160.SH,2026-03-02,C26化学原料和化学制品制造业,0.1748052800284443,0.0,0.03387048077182968,0.0,1.5788,4.337662,-0.05381062355658195
600161.SH,2026-03-02,C27医药制造业,0.35391414892141126,0.0,0.0406347125851922,0.0,0.6228,5.042261,-0.022588522588522397
600000.SH,2026-03-03,J66货币金融服务,2.1631583842937396,0.0,0.1543421144221439,0.0,0.3391,1.862833,0.023638232271325776
600009.SH,2026-03-03,G56航空运输业,0.5647815763731534,0.0,0.03178413335427272,0.0,0.5987,5.774983,-0.017379679144385096
600010.SH,2026-03-03,C31黑色金属冶炼和压延加工业,0.38203182095849486,0.0,0.007435857051567126,0.0,9.0265,2.055968,0.006644518272425293
600011.SH,2026-03-03,D44电力、热力生产和供应业,0.5731841526045488,0.0,0.12486179360220655,0.0,1.6616,0.498171,0.01211305518169592
600015.SH,2026-03-03,J66货币金融服务,2.8554703673562627,0.0,0.2517065071921359,0.0,0.651,1.17569,0.019145802650957222
600016.SH,2026-03-03,J66货币金融服务,3.2740833385172987,0.0,0.17684854478406437,0.0,0.9886,1.199024,0.005102040816326481
600018.SH,2026-03-03,G55水上运输业,1.158954020817132,0.0,0.11090604583236706,0.0,0.764,3.063463,-0.015414258188824692
600019.SH,2026-03-03,C31黑色金属冶炼和压延加工业,1.305987692371987,0.0,0.06035493287505431,0.0,0.9327,0.501755,-0.02506963788300831
600023.SH,2026-03-03,D44电力、热力生产和供应业,1.0367313932633193,0.0,0.10064754618262979,0.0,1.2453,0.899237,0.011111111111111072
600025.SH,2026-03-03,D44电力、热力生产和供应业,0.375881771651072,0.0,0.04711216114695876,0.0,0.3336,7.001457,0.057084607543322896
600026.SH,2026-03-03,G55水上运输业,0.2749599727019739,0.0,0.02427089090843736,0.0,3.8332,5.969548,-0.06586345381526093
600027.SH,2026-03-03,D44电力、热力生产和供应业,0.8124757272876473,0.0,0.10988775515249949,0.0,2.4256,0.58358,-0.0019379844961240345
600028.SH,2026-03-03,B07石油和天然气开采业,0.8787377108531137,0.0,0.038122429190161046,0.0,1.5856,0.335159,-0.16112531969309474
600029.SH,2026-03-03,G56航空运输业,0.30144097830860866,0.0,100000000.0,0.0,0.9266,0.69323,-0.04572271386430682
600030.SH,2026-03-03,J67资本市场服务,0.7056132237563038,0.0,0.07565888103995251,0.0,1.3199,5.307907,-0.025000000000000022
600031.SH,2026-03-03,C35专用设备制造业,0.35980386371781015,0.0,0.040399907371092385,0.0,1.0289,2.369034,-0.00585849481748546
600036.SH,2026-03-03,J66货币金融服务,1.102938338026336,0.0,0.151987602675225,0.0,0.6712,2.927466,0.0010209290454312736
600039.SH,2026-03-03,E48土木工程建筑业,0.568042066923308,0.0,0.08835487204226544,0.0,0.3084,0.805994,-0.005958291956305928
600048.SH,2026-03-03,K70房地产业,2.4119982440652783,0.0,0.012826232333500307,0.0,1.2095,0.259398,-0.04940119760479045
600050.SH,2026-03-03,I63电信、广播电视和卫星传输服务,1.124586152295955,0.0,0.061900669975711406,0.0,0.961,0.389559,0.014314928425357865
600061.SH,2026-03-03,J67资本市场服务,1.1403665822415274,0.0,0.07366676235979097,0.0,0.8846,3.00624,-0.016304347826086918
600066.SH,2026-03-03,C36汽车制造业,0.20463661550683065,0.0,0.07591658073542366,0.0,0.4938,1.65925,0.010131712259371817
600085.SH,2026-03-03,C27医药制造业,0.3279341167242137,0.0,0.0324916047379388,0.0,0.5281,2.303796,-0.010862409479920898
600089.SH,2026-03-03,C38电气机械和器材制造业,0.45883577762799344,0.0,0.035470924766736106,0.0,7.4789,1.522728,0.07345013477088957
600104.SH,2026-03-03,C36汽车制造业,1.8258703924160649,0.0,0.01766915285193644,0.0,0.5425,0.242987,-0.0021306818181817677
600111.SH,2026-03-03,C32有色金属冶炼和压延加工业,0.11879055063934263,0.0,0.010644490927753604,0.0,6.0893,4.822034,-0.0296655879180151
600115.SH,2026-03-03,G56航空运输业,0.13684941446241033,0.0,100000000.0,0.0,1.3095,0.880591,-0.10332103321033204
600150.SH,2026-03-03,C37铁路、船舶、航空航天和其他运输设备制造业,0.4991818409626622,0.0,0.023871368272693337,0.0,1.7514,2.978072,-0.015171679531541082
600160.SH,2026-03-03,C26化学原料和化学制品制造业,0.17957457705248803,0.0,0.034794586505135346,0.0,1.2326,4.222459,-0.018030842230130406
600161.SH,2026-03-03,C27医药制造业,0.3634554289155689,0.0,0.04173019393189566,0.0,0.8824,4.909894,0.007523510971786829
600000.SH,2026-03-04,J66货币金融服务,2.192453574795554,0.0,0.15643217015064573,0.0,0.4857,1.837944,0.04895833333333344
600009.SH,2026-03-04,G56航空运输业,0.5761427359059643,0.0,0.03242349967064209,0.0,0.6802,5.661104,0.0
600010.SH,2026-03-04,C31黑色金属冶炼和压延加工业,0.37214107272641345,0.0,0.007243342953144675,0.0,6.8838,2.110611,-0.04207119741100318
600011.SH,2026-03-04,D44电力、热力生产和供应业,0.5762868340933597,0.0,0.12553763059522788,0.0,1.1991,0.495489,0.043301759133964834
600015.SH,2026-03-04,J66货币金融服务,2.872391150737343,0.0,0.25319808167005403,0.0,0.4931,1.168764,0.03111111111111109
600016.SH,2026-03-04,J66货币金融服务,3.3423018432794667,0.0,0.18053288614133883,0.0,1.1009,1.174554,0.03385416666666674
600018.SH,2026-03-04,G55水上运输业,1.1910830756623614,0.0,0.11398066295256878,0.0,0.6159,2.980827,0.01980198019801982
600019.SH,2026-03-04,C31黑色金属冶炼和压延加工业,1.3207038823411326,0.0,0.061034988612397,0.0,0.743,0.496164,-0.008450704225352101
600023.SH,2026-03-04,D44电力、热力生产和供应业,1.0348142560151166,0.0,0.10046150003887859,0.0,1.0198,0.900902,0.022181146025878062
600025.SH,2026-03-04,D44电力、热力生产和供应业,0.3687399933184313,0.0,0.04621702981081613,0.0,0.3629,7.137061,0.05500000000000016
600026.SH,2026-03-04,G55水上运输业,0.28778916335661164,0.0,0.02540332800363044,0.0,7.2754,5.703436,-0.043295502311895606
600027.SH,2026-03-04,D44电力、热力生产和供应业,0.8172271482858661,0.0,0.11053038447109996,0.0,1.6343,0.580187,0.02923976608187151
600028.SH,2026-03-04,B07石油和天然气开采业,0.928612022182684,0.0,0.04028613468879525,0.0,1.3021,0.317158,-0.12027027027027037
600029.SH,2026-03-04,G56航空运输业,0.30687234478703673,0.0,100000000.0,0.0,0.748,0.680961,-0.04504504504504503
600030.SH,2026-03-04,J67资本市场服务,0.7234293444644996,0.0,0.07756916241051136,0.0,1.2325,5.17719,-0.0015302218821728886
600031.SH,2026-03-04,C35专用设备制造业,0.36274638187690056,0.0,0.040730302469335684,0.0,0.602,2.349817,0.010904134484325256
600036.SH,2026-03-04,J66货币金融服务,1.119511176639832,0.0,0.15427134941920695,0.0,0.5584,2.88413,0.023316062176165664
600039.SH,2026-03-04,E48土木工程建筑业,0.564120789543457,0.0,0.0877449290011907,0.0,0.303,0.811596,-0.021696252465483346
600048.SH,2026-03-04,K70房地产业,2.444939952274772,0.0,0.013001400978963889,0.0,1.4151,0.255904,-0.030349013657056223
600050.SH,2026-03-04,I63电信、广播电视和卫星传输服务,1.133861410387531,0.0,0.062411192773383015,0.0,0.8569,0.386373,0.039175257731958846
600061.SH,2026-03-04,J67资本市场服务,1.1689548958753426,0.0,0.07551355827060359,0.0,0.8261,2.932718,0.01532033426183843
600066.SH,2026-03-04,C36汽车制造业,0.20616839339568416,0.0,0.07648485401029975,0.0,0.6478,1.646922,0.048656005444028594
600085.SH,2026-03-04,C27医药制造业,0.3353294376994791,0.0,0.0332243342599268,0.0,0.8569,2.252988,0.017165937394816533
600089.SH,2026-03-04,C38电气机械和器材制造业,0.44114837981640287,0.0,0.03410356461370483,0.0,8.1157,1.583781,0.00550696469063805
600104.SH,2026-03-04,C36汽车制造业,1.8710509131663982,0.0,0.018106380744704213,0.0,0.6508,0.23712,0.04002911208151372
600111.SH,2026-03-04,C32有色金属冶炼和压延加工业,0.11798448055739645,0.0,0.010572260496565754,0.0,3.935,4.854979,-0.06464285714285711
600115.SH,2026-03-04,G56航空运输业,0.1418209986410712,0.0,100000000.0,0.0,0.9302,0.849722,-0.089866156787763
600150.SH,2026-03-04,C37铁路、船舶、航空航天和其他运输设备制造业,0.48636571005016377,0.0,0.023258488138729255,0.0,2.0052,3.056546,-0.051867219917012486
600160.SH,2026-03-04,C26化学原料和化学制品制造业,0.18519862923382588,0.0,0.03588431070473485,0.0,1.1471,4.094232,-0.005138243210178639
600161.SH,2026-03-04,C27医药制造业,0.3720869314139601,0.0,0.04272121858687437,0.0,0.9095,4.795997,0.032734274711168077
600000.SH,2026-03-05,J66货币金融服务,2.1521019579823615,0.0,0.153553032918085,0.0,0.3595,1.872405,0.04089979550102263
600009.SH,2026-03-05,G56航空运输业,0.5751621957391985,0.0,0.03236832041270903,0.0,0.3871,5.670755,-0.0003403675970047315
600010.SH,2026-03-05,C31黑色金属冶炼和压延加工业,0.37094051968766806,0.0,0.007219977330715176,0.0,4.9353,2.117442,-0.048387096774193505
600011.SH,2026-03-05,D44电力、热力生产和供应业,0.5693528735239527,0.0,0.12402714656573172,0.0,1.0925,0.501523,0.053475935828877
600015.SH,2026-03-05,J66货币金融服务,2.8345956732731645,0.0,0.249866571250952,0.0,0.4905,1.184347,0.029239766081871288
600016.SH,2026-03-05,J66货币金融服务,3.3078409060837806,0.0,0.17867173999116648,0.0,0.6557,1.186789,0.028350515463917647
600018.SH,2026-03-05,G55水上运输业,1.1817229994020482,0.0,0.11308494601890103,0.0,0.3226,3.004437,0.023575638506876162
600019.SH,2026-03-05,C31黑色金属冶炼和压延加工业,1.316993829883907,0.0,0.06086354290213319,0.0,0.6332,0.497562,-0.004213483146067398
600023.SH,2026-03-05,D44电力、热力生产和供应业,1.0197349301022691,0.0,0.09899758020214712,0.0,0.8159,0.914224,0.02914389799635697
600025.SH,2026-03-05,D44电力、热力生产和供应业,0.3650891529457036,0.0,0.04575943432553362,0.0,0.257,7.208431,0.04752475247524757
600026.SH,2026-03-05,G55水上运输业,0.27407945618250623,0.0,0.024193161686722073,0.0,6.3611,5.988727,-0.10048038430744599
600027.SH,2026-03-05,D44电力、热力生产和供应业,0.8077792371655996,0.0,0.10925256713488311,0.0,1.4908,0.586973,0.042389210019267765
600028.SH,2026-03-05,B07石油和天然气开采业,0.9774855747566304,0.0,0.042406457926814425,0.0,0.8071,0.3013,-0.08108108108108114
600029.SH,2026-03-05,G56航空运输业,0.311550258508827,0.0,100000000.0,0.0,0.6023,0.670736,-0.03658536585365846
600030.SH,2026-03-05,J67资本市场服务,0.7214970775760873,0.0,0.07736199915164832,0.0,0.6726,5.191053,-0.010682945440671499
600031.SH,2026-03-05,C35专用设备制造业,0.3615963030393977,0.0,0.04060117510357055,0.0,0.7662,2.35729,-0.025815217391304213
600036.SH,2026-03-05,J66货币金融服务,1.1037832169761859,0.0,0.1521040476864442,0.0,0.3797,2.925225,0.008939974457215838
600039.SH,2026-03-05,E48土木工程建筑业,0.5479103793950632,0.0,0.08522351998704603,0.0,0.2984,0.835608,-0.054597701149425304
600048.SH,2026-03-05,K70房地产业,2.4523808939909313,0.0,0.013040978928907886,0.0,0.8916,0.255127,-0.027397260273972712
600050.SH,2026-03-05,I63电信、广播电视和卫星传输服务,1.1109555773302848,0.0,0.06115035809038194,0.0,0.9385,0.394339,0.016161616161616266
600061.SH,2026-03-05,J67资本市场服务,1.1640915022484428,0.0,0.07519935725605366,0.0,0.3868,2.944971,0.01664355062413314
600066.SH,2026-03-05,C36汽车制造业,0.1949578442653345,0.0,0.07232592956900978,0.0,1.1282,1.741624,0.005791505791505891
600085.SH,2026-03-05,C27医药制造业,0.33521658008022404,0.0,0.03321315485381031,0.0,0.3958,2.253746,0.011776581426648836
600089.SH,2026-03-05,C38电气机械和器材制造业,0.41544387685578776,0.0,0.03211644446422817,0.0,10.9444,1.681774,-0.059182428309945134
600104.SH,2026-03-05,C36汽车制造业,1.818122315996931,0.0,0.017594177762845404,0.0,0.5791,0.244023,0.018387553041018467
600111.SH,2026-03-05,C32有色金属冶炼和压延加工业,0.11930536123694845,0.0,0.010690620955738092,0.0,2.748,4.801227,-0.06663055254604555
600115.SH,2026-03-05,G56航空运输业,0.14572176207337587,0.0,100000000.0,0.0,1.0334,0.826976,-0.07858546168958735
600150.SH,2026-03-05,C37铁路、船舶、航空航天和其他运输设备制造业,0.4838561398924871,0.0,0.023138475515524656,0.0,1.4095,3.0724,-0.07120743034055721
600160.SH,2026-03-05,C26化学原料和化学制品制造业,0.18216771197535925,0.0,0.03529703442788026,0.0,0.6983,4.162352,-0.04572803850782192
600161.SH,2026-03-05,C27医药制造业,0.3706594847684898,0.0,0.04255732769942406,0.0,0.382,4.814467,0.030051150895140655
600000.SH,2026-03-06,J66货币金融服务,2.128162182983641,0.0,0.15184516166650672,0.0,0.2184,1.893465,0.037411526794742134
600009.SH,2026-03-06,G56航空运输业,0.569156822625122,0.0,0.0320303555523212,0.0,0.4118,5.730589,-0.014146177164028328
600010.SH,2026-03-06,C31黑色金属冶炼和压延加工业,0.3757895338105359,0.0,0.007314356119351977,0.0,4.1779,2.09012,-0.06209150326797386
600011.SH,2026-03-06,D44电力、热力生产和供应业,0.5596268408225396,0.0,0.12190841776405578,0.0,1.0064,0.51024,0.03153745072273306
600015.SH,2026-03-06,J66货币金融服务,2.8263357969560365,0.0,0.2491380446500221,0.0,0.3538,1.18781,0.0437317784256559
600016.SH,2026-03-06,J66货币金融服务,3.3078409060837806,0.0,0.17867173999116648,0.0,0.629,1.186789,0.020618556701030855
600018.SH,2026-03-06,G55水上运输业,1.1725088876173682,0.0,0.11220318470787284,0.0,0.2365,3.028048,0.00974658869395717
600019.SH,2026-03-06,C31黑色金属冶炼和压延加工业,1.3207038823411326,0.0,0.061034988612397,0.0,0.6099,0.496164,0.0014084507042253502
600023.SH,2026-03-06,D44电力、热力生产和供应业,1.0215965510900435,0.0,0.0991782388662261,0.0,0.6144,0.912559,0.01642335766423364
600025.SH,2026-03-06,D44电力、热力生产和供应业,0.3580000114560004,0.0,0.04487090148064103,0.0,0.3517,7.351173,0.01844660194174752
600026.SH,2026-03-06,G55水上运输业,0.27125610292324565,0.0,0.023943945117412966,0.0,5.5476,6.05106,-0.12400950871632321
600027.SH,2026-03-06,D44电力、热力生产和供应业,0.8016012787143598,0.0,0.10841698516866485,0.0,1.4099,0.591497,0.017208413001912115
600028.SH,2026-03-06,B07石油和天然气开采业,0.9987974478727613,0.0,0.043331018301462215,0.0,0.607,0.294871,-0.0799418604651162
600029.SH,2026-03-06,G56航空运输业,0.30826093054727105,0.0,100000000.0,0.0,0.6646,0.677894,-0.05128205128205121
600030.SH,2026-03-06,J67资本市场服务,0.7154913171551207,0.0,0.07671804499712806,0.0,0.6379,5.234626,-0.025728339008702195
600031.SH,2026-03-06,C35专用设备制造业,0.3624170608556232,0.0,0.040693324728051594,0.0,0.7785,2.351952,-0.03359055832955071
600036.SH,2026-03-06,J66货币金融服务,1.1023753985087066,0.0,0.15191004859146723,0.0,0.2259,2.928961,0.014285714285714235
600039.SH,2026-03-06,E48土木工程建筑业,0.5406603625668391,0.0,0.08409580193756729,0.0,0.2969,0.846814,-0.05954631379962205
600048.SH,2026-03-06,K70房地产业,2.4674055723887447,0.0,0.013120862483625493,0.0,1.29,0.253574,-0.01071975497702915
600050.SH,2026-03-06,I63电信、广播电视和卫星传输服务,1.106484775322734,0.0,0.060904281187270495,0.0,0.4996,0.395932,0.02012072434607659
600061.SH,2026-03-06,J67资本市场服务,1.1528985599144088,0.0,0.07447628462840021,0.0,0.4704,2.973563,0.0027472527472527375
600066.SH,2026-03-06,C36汽车制造业,0.19899143182692838,0.0,0.07382232899555789,0.0,0.7736,1.706321,0.006568144499178974
600085.SH,2026-03-06,C27医药制造业,0.3318667037472397,0.0,0.03288124471557296,0.0,0.3531,2.276496,-0.0023317788141239415
600089.SH,2026-03-06,C38电气机械和器材制造业,0.42253336640361144,0.0,0.03266450686769624,0.0,8.2636,1.653556,-0.059261557555072786
600104.SH,2026-03-06,C36汽车制造业,1.8155542160800007,0.0,0.01756932715942492,0.0,0.3096,0.244368,0.03319209039548032
600111.SH,2026-03-06,C32有色金属冶炼和压延加工业,0.12167828917405141,0.0,0.010903251999580093,0.0,2.4653,4.707595,-0.06408839779005515
600115.SH,2026-03-06,G56航空运输业,0.14486793042688667,0.0,100000000.0,0.0,1.1499,0.83185,-0.08203125
600150.SH,2026-03-06,C37铁路、船舶、航空航天和其他运输设备制造业,0.48174337145208046,0.0,0.023037434079534253,0.0,1.307,3.085875,-0.09632674030310817
600160.SH,2026-03-06,C26化学原料和化学制品制造业,0.17697144866527248,0.0,0.03429019905186228,0.0,1.0513,4.284568,-0.09469254150105222
600161.SH,2026-03-06,C27医药制造业,0.3650575659275711,0.0,0.041914143487621396,0.0,0.4314,4.888346,0.010075566750629594
600000.SH,2026-03-09,J66货币金融服务,2.1368069266733336,0.0,0.15246180069583565,0.017561983471074294,0.3508,1.885807,0.044670050761421276
600009.SH,2026-03-09,G56航空运输业,0.5800982222309882,0.0,0.0326461130656339,0.027703604806408655,0.6058,5.622502,0.008925506350841106
600010.SH,2026-03-09,C31黑色金属冶炼和压延加工业,0.37826175107955906,0.0,0.007362476883295082,0.0843373493975903,3.7713,2.076459,-0.07236842105263164
600011.SH,2026-03-09,D44电力、热力生产和供应业,0.5618416269585097,0.0,0.12239090136248,0.024324324324324298,1.015,0.508228,0.0079155672823219
600015.SH,2026-03-09,J66货币金融服务,2.838747771582999,0.0,0.25023240334460634,0.007374631268436627,0.4156,1.182616,0.04685212298682284
600016.SH,2026-03-09,J66货币金融服务,3.3078409060837806,0.0,0.17867173999116648,0.017721518987341867,0.8836,1.186789,0.012886597938144506
600018.SH,2026-03-09,G55水上运输业,1.1817229994020482,0.0,0.11308494601890103,0.007797270955165692,0.356,3.004437,0.0216110019646365
600019.SH,2026-03-09,C31黑色金属冶炼和压延加工业,1.330070227708023,0.0,0.06146786238870014,0.035567715458276306,0.7476,0.49267,-0.024113475177305
600023.SH,2026-03-09,D44电力、热力生产和供应业,1.0178811175927518,0.0,0.09881758826584618,0.012891344383057168,0.855,0.915889,-0.0036363636363635488
600025.SH,2026-03-09,D44电力、热力生产和供应业,0.35558349651652627,0.0,0.04456801272612863,0.07572614107883813,0.2943,7.401132,0.004821600771456103
600026.SH,2026-03-09,G55水上运输业,0.3013426018281853,0.0,0.026599699971344145,0.0035335689045936647,5.9864,5.446913,0.046214788732394485
600027.SH,2026-03-09,D44电力、热力生产和供应业,0.8077792371655996,0.0,0.10925256713488311,0.0,1.6105,0.586973,0.01734104046242768
600028.SH,2026-03-09,B07石油和天然气开采业,0.9816750714414033,0.0,0.04258820080268537,0.015471167369901617,1.1376,0.300014,-0.09571428571428575
600029.SH,2026-03-09,G56航空运输业,0.3233812746072938,0.0,100000000.0,0.09714285714285709,1.5731,0.646197,-0.02373417721518989
600030.SH,2026-03-09,J67资本市场服务,0.730697172786499,0.0,0.07834845223416097,0.04396010343553758,1.0425,5.125695,-0.014683153013910322
600031.SH,2026-03-09,C35专用设备制造业,0.37536663936499975,0.0,0.04214734128881259,0.07400957771005656,1.048,2.270814,-0.019746121297602115
600036.SH,2026-03-09,J66货币金融服务,1.114027387249288,0.0,0.1535156936023256,0.003103180760279267,0.3717,2.898326,0.028873420984789844
600039.SH,2026-03-09,E48土木工程建筑业,0.5714471842797165,0.0,0.08888447231821991,0.01379310344827589,0.3962,0.801191,0.003996003996004083
600048.SH,2026-03-09,K70房地产业,2.5373433507648824,0.0,0.013492792413402213,0.06480117820324016,1.4616,0.246584,0.017322834645669305
600050.SH,2026-03-09,I63电信、广播电视和卫星传输服务,1.106484775322734,0.0,0.060904281187270495,0.008113590263691739,0.7072,0.395932,0.012072434607645954
600061.SH,2026-03-09,J67资本市场服务,1.1673297099419138,0.0,0.07540853137436045,0.027063599458727938,0.4229,2.936802,0.015299026425591
600066.SH,2026-03-09,C36汽车制造业,0.20581827686880425,0.0,0.07635495494408641,0.027098479841374812,0.8484,1.649724,0.06487771739130443
600085.SH,2026-03-09,C27医药制造业,0.33386852457823224,0.0,0.033079589724434116,0.017774851876234288,0.3542,2.262846,0.01072386058981234
600089.SH,2026-03-09,C38电气机械和器材制造业,0.4156973988982356,0.0,0.032136051186302333,0.04033026357573832,8.3335,1.680747,-0.10561660561660557
600104.SH,2026-03-09,C36汽车制造业,1.8428831538365142,0.0,0.01783381177289097,0.02310924369747902,0.5193,0.240744,0.04946236559139794
600111.SH,2026-03-09,C32有色金属冶炼和压延加工业,0.12262677339774018,0.0,0.010988243985430819,0.12730806608357625,2.8349,4.671183,-0.07943578322197475
600115.SH,2026-03-09,G56航空运输业,0.15356600220705058,0.0,100000000.0,0.12972972972972974,2.8771,0.784734,-0.03105590062111807
600150.SH,2026-03-09,C37铁路、船舶、航空航天和其他运输设备制造业,0.5025259466709415,0.0,0.024031278150389423,0.02124311565696313,1.6259,2.958255,-0.06457663451232598
600160.SH,2026-03-09,C26化学原料和化学制品制造业,0.18474661724325162,0.0,0.03579672429187546,0.05381062355658195,1.1458,4.10425,-0.07224798633146212
600161.SH,2026-03-09,C27医药制造业,0.36209331941446615,0.0,0.0415738029166434,0.022588522588522397,0.7197,4.928364,0.002498438475952547
600000.SH,2026-03-10,J66货币金融服务,2.113208823069478,0.0,0.15077798424309755,0.023638232271325776,0.1949,1.906867,0.04216867469879526
600009.SH,2026-03-10,G56航空运输业,0.5747707814123727,0.0,0.03234630105168176,0.017379679144385096,0.3764,5.674615,0.003061224489795844
600010.SH,2026-03-10,C31黑色金属冶炼和压延加工业,0.3795100980046877,0.0,0.007386775486870312,0.006644518272425293,3.919,2.069629,-0.08250825082508251
600011.SH,2026-03-10,D44电力、热力生产和供应业,0.5663242104166277,0.0,0.12336743250290191,0.01211305518169592,1.0054,0.504205,-0.003989361702127603
600015.SH,2026-03-10,J66货币金融服务,2.8018267910677763,0.0,0.24697791646959888,0.019145802650957222,0.4471,1.198199,0.049132947976878505
600016.SH,2026-03-10,J66货币金融服务,3.2574669285670077,0.0,0.17595082948499544,0.005102040816326481,0.98,1.205141,-0.005076142131979711
600018.SH,2026-03-10,G55水上运输业,1.1770979121814331,0.0,0.11264233344451133,0.015414258188824692,0.21,3.016242,0.015655577299412915
600019.SH,2026-03-10,C31黑色金属冶炼和压延加工业,1.3395703729899748,0.0,0.06190691626544795,0.02506963788300831,0.8082,0.489176,-0.02285714285714291
600023.SH,2026-03-10,D44电力、热力生产和供应业,1.0253381565240216,0.0,0.09954152170517812,0.011111111111111072,0.5755,0.909228,-0.003663003663003539
600025.SH,2026-03-10,D44电力、热力生产和供应业,0.35558349651652627,0.0,0.04456801272612863,0.057084607543322896,0.2228,7.401132,-0.005785920925747257
600026.SH,2026-03-10,G55水上运输业,0.29434671806352825,0.0,0.025982166152938618,0.06586345381526093,5.6713,5.576373,-0.0017196904557180703
600027.SH,2026-03-10,D44电力、热力生产和供应业,0.8140531625558339,0.0,0.11010112898798675,0.0019379844961240345,1.26,0.582449,0.01553398058252431
600028.SH,2026-03-10,B07石油和天然气开采业,1.0475196828948417,0.0,0.045444725262550084,0.16112531969309474,0.6781,0.281156,-0.047256097560975596
600029.SH,2026-03-10,G56航空运输业,0.3158841059121501,0.0,100000000.0,0.04572271386430682,1.2625,0.661534,-0.04945904173106641
600030.SH,2026-03-10,J67资本市场服务,0.7237057788630148,0.0,0.07759884948841794,0.025000000000000022,0.746,5.175209,-0.008419441255262061
600031.SH,2026-03-10,C35专用设备制造业,0.36192413346314345,0.0,0.04063798548728135,0.00585849481748546,0.9076,2.355155,-0.058930190389845705
600036.SH,2026-03-10,J66货币金融服务,1.1018130333463714,0.0,0.15183257361374583,0.0010209290454312736,0.2975,2.930455,0.022947475777664428
600039.SH,2026-03-10,E48土木工程建筑业,0.5714471842797165,0.0,0.08888447231821991,0.005958291956305928,0.2813,0.801191,-0.014985014985015033
600048.SH,2026-03-10,K70房地产业,2.5373433507648824,0.0,0.013492792413402213,0.04940119760479045,0.828,0.246584,0.023622047244094446
600050.SH,2026-03-10,I63电信、广播电视和卫星传输服务,1.10871505468737,0.0,0.06102707344059045,0.014314928425357865,0.5152,0.395136,0.0040322580645162365
600061.SH,2026-03-10,J67资本市场服务,1.15926706499083,0.0,0.07488775448918389,0.016304347826086918,0.3979,2.957225,0.012430939226519389
600066.SH,2026-03-10,C36汽车制造业,0.20258408151011037,0.0,0.07515512769908368,0.010131712259371817,0.5328,1.676061,0.042460715479772704
600085.SH,2026-03-10,C27医药制造业,0.33153530685250326,0.0,0.032848418411065505,0.010862409479920898,0.3361,2.278771,0.004326123128119752
600089.SH,2026-03-10,C38电气机械和器材制造业,0.42744029941338096,0.0,0.03304384938639885,0.07345013477088957,6.9919,1.634573,-0.10263653483992463
600104.SH,2026-03-10,C36汽车制造业,1.82976924780016,0.0,0.017706880686664334,0.0021306818181817677,0.384,0.24247,0.04128113879003559
600111.SH,2026-03-10,C32有色金属冶炼和压延加工业,0.12242229153228269,0.0,0.010969920073272046,0.0296655879180151,2.4307,4.678986,-0.09208819714656291
600115.SH,2026-03-10,G56航空运输业,0.15261807144479253,0.0,100000000.0,0.10332103321033204,1.746,0.789608,-0.024691358024691357
600150.SH,2026-03-10,C37铁路、船舶、航空航天和其他运输设备制造业,0.5068721729204555,0.0,0.02423911655788838,0.015171679531541082,1.0674,2.932889,-0.07027027027027033
600160.SH,2026-03-10,C26化学原料和化学制品制造业,0.18287192308845807,0.0,0.03543348169922679,0.018030842230130406,0.7252,4.146324,-0.08552790529113308
600161.SH,2026-03-10,C27医药制造业,0.3607413812571043,0.0,0.04141858144423528,0.007523510971786829,0.3526,4.946834,-0.004978220286247725
600000.SH,2026-03-11,J66货币金融服务,2.0901218750065316,0.0,0.14913095427704592,0.04895833333333344,0.3029,1.927926,0.029791459781529195
600009.SH,2026-03-11,G56航空运输业,0.5761427359059643,0.0,0.03242349967064209,0.0,0.3801,5.661104,0.0
600010.SH,2026-03-11,C31黑色金属冶炼和压延加工业,0.38848499399013714,0.0,0.007561462745005761,0.04207119741100318,3.9572,2.021816,-0.07094594594594594
600011.SH,2026-03-11,D44电力、热力生产和供应业,0.5523683899455696,0.0,0.12032724196725414,0.043301759133964834,1.2629,0.516945,-0.02853437094682232
600015.SH,2026-03-11,J66货币金融服务,2.785724831672577,0.0,0.24555852162965405,0.03111111111111109,0.3175,1.205125,0.04022988505747138
600016.SH,2026-03-11,J66货币金融服务,3.2328561637635618,0.0,0.17462124651630614,0.03385416666666674,0.8036,1.214318,-0.015113350125944613
600018.SH,2026-03-11,G55水上运输业,1.1679555055670598,0.0,0.11176744681462218,0.01980198019801982,0.2736,3.039853,0.003883495145631022
600019.SH,2026-03-11,C31黑色金属冶炼和压延加工业,1.3319605260178509,0.0,0.06155517424176951,0.008450704225352101,0.5408,0.491972,-0.045454545454545525
600023.SH,2026-03-11,D44电力、热力生产和供应业,1.012358877172522,0.0,0.09828150851108036,0.022181146025878062,0.6427,0.920885,-0.012658227848101333
600025.SH,2026-03-11,D44电力、热力生产和供应业,0.3495166534199855,0.0,0.04380761029310621,0.05500000000000016,0.2564,7.529599,-0.027488151658767834
600026.SH,2026-03-11,G55水上运输业,0.3008130374776947,0.0,0.026552951351249156,0.043295502311895606,4.0114,5.456502,0.0931458699472758
600027.SH,2026-03-11,D44电力、热力生产和供应业,0.7940106190980198,0.0,0.1073903112675955,0.02923976608187151,1.9604,0.597152,-0.009469696969696906
600028.SH,2026-03-11,B07石油和天然气开采业,1.0555649383550076,0.0,0.04579376275213187,0.12027027027027037,0.4856,0.279013,-0.05990783410138245
600029.SH,2026-03-11,G56航空运输业,0.32134750004498863,0.0,100000000.0,0.04504504504504503,0.9592,0.650287,-0.04245283018867929
600030.SH,2026-03-11,J67资本市场服务,0.7245379259377333,0.0,0.07768804722003811,0.0015302218821728886,0.726,5.169267,-0.004980842911877503
600031.SH,2026-03-11,C35专用设备制造业,0.3588336041928989,0.0,0.04029096361117592,0.010904134484325256,0.7525,2.37544,-0.06966292134831464
600036.SH,2026-03-11,J66货币金融服务,1.094003330146137,0.0,0.15075629912582453,0.023316062176165664,0.3342,2.951376,0.010632911392405076
600039.SH,2026-03-11,E48土木工程建筑业,0.5766314344860196,0.0,0.08969088484990903,0.021696252465483346,0.1556,0.793988,-0.024193548387096753
600048.SH,2026-03-11,K70房地产业,2.5214639619763237,0.0,0.01340833059579917,0.030349013657056223,0.7967,0.248137,-0.004694835680751019
600050.SH,2026-03-11,I63电信、广播电视和卫星传输服务,1.091116998293493,0.0,0.060058389967894595,0.039175257731958846,0.7766,0.401509,-0.011904761904761862
600061.SH,2026-03-11,J67资本市场服务,1.1513163575574132,0.0,0.07437412131624048,0.01532033426183843,0.527,2.977648,0.00137174211248281
600066.SH,2026-03-11,C36汽车制造业,0.1966025119902957,0.0,0.07293607678009978,0.048656005444028594,0.915,1.727055,0.010707332900713684
600085.SH,2026-03-11,C27医药制造业,0.32967036589784243,0.0,0.03266363197572282,0.017165937394816533,0.3429,2.291662,-0.005294506949040323
600089.SH,2026-03-11,C38电气机械和器材制造业,0.43873215182764846,0.0,0.03391678570893171,0.00550696469063805,6.1445,1.592503,-0.06217783505154639
600104.SH,2026-03-11,C36汽车制造业,1.7990367956995823,0.0,0.017409494090025155,0.04002911208151372,0.5501,0.246612,0.007697690692792358
600111.SH,2026-03-11,C32有色金属冶炼和压延加工业,0.1261384308732387,0.0,0.011302913004824264,0.06464285714285711,2.6233,4.541139,-0.06433753340969839
600115.SH,2026-03-11,G56航空运输业,0.1558243317512489,0.0,100000000.0,0.089866156787763,1.3763,0.773361,-0.01680672268907568
600150.SH,2026-03-11,C37铁路、船舶、航空航天和其他运输设备制造业,0.5129723000087718,0.0,0.024530834302015095,0.051867219917012486,1.0692,2.898012,-0.05415754923413574
600160.SH,2026-03-11,C26化学原料和化学制品制造业,0.18615515697254378,0.0,0.0360696464474897,0.005138243210178639,0.8516,4.073195,-0.06910969011313317
600161.SH,2026-03-11,C27医药制造业,0.360292975836231,0.0,0.04136709820685625,0.032734274711168077,0.3428,4.95299,-0.013673088875077677
600000.SH,2026-03-12,J66货币金融服务,2.0675382029371447,0.0,0.14751951830746726,0.04089979550102263,0.2685,1.948986,0.013752455795677854
600009.SH,2026-03-12,G56航空运输业,0.5753581028832345,0.0,0.03237934186332557,0.0003403675970047315,0.3013,5.668825,-0.009874021109976261
600010.SH,2026-03-12,C31黑色金属冶炼和压延加工业,0.38980200007406235,0.0,0.007587094822107475,0.048387096774193505,2.6277,2.014985,-0.11525423728813566
600011.SH,2026-03-12,D44电力、热力生产和供应业,0.5404517311749854,0.0,0.11773135447333231,0.053475935828877,1.3079,0.528343,-0.050761421319796884
600015.SH,2026-03-12,J66货币金融服务,2.754069826686386,0.0,0.2427680608512711,0.029239766081871288,0.4135,1.218977,0.012784090909090828
600016.SH,2026-03-12,J66货币金融服务,3.2166442037679768,0.0,0.1737459452040038,0.028350515463917647,0.9631,1.220435,-0.03258145363408527
600018.SH,2026-03-12,G55水上运输业,1.1545051098396162,0.0,0.11048029318818287,0.023575638506876162,0.3592,3.075269,-0.009596928982725461
600019.SH,2026-03-12,C31黑色金属冶炼和压延加工业,1.3225658836194927,0.0,0.06112107418576491,0.004213483146067398,0.6761,0.495466,-0.07052186177715092
600023.SH,2026-03-12,D44电力、热力生产和供应业,0.9908583409464283,0.0,0.09619410893809688,0.02914389799635697,0.9458,0.940868,-0.03362831858407089
600025.SH,2026-03-12,D44电力、热力生产和供应业,0.3485255626073894,0.0,0.043683392382358986,0.04752475247524757,0.1978,7.55101,-0.030245746691871522
600026.SH,2026-03-12,G55水上运输业,0.3046953244807154,0.0,0.026895646157006185,0.10048038430744599,3.423,5.386978,0.05607476635514019
600027.SH,2026-03-12,D44电力、热力生产和供应业,0.7749306824504548,0.0,0.10480977288246265,0.042389210019267765,2.1099,0.611854,-0.03512014787430695
600028.SH,2026-03-12,B07石油和天然气开采业,1.0637347300879496,0.0,0.046148205423198654,0.08108108108108114,0.5182,0.27687,-0.02786377708978327
600029.SH,2026-03-12,G56航空运输业,0.3233812746072938,0.0,100000000.0,0.03658536585365846,0.7567,0.646197,-0.08069620253164567
600030.SH,2026-03-12,J67资本市场服务,0.7292882147024504,0.0,0.07819737533637579,0.010682945440671499,0.7544,5.135598,-0.01234091785576552
600031.SH,2026-03-12,C35专用设备制造业,0.37117843958068714,0.0,0.041677078990234394,0.025815217391304213,1.2238,2.296436,-0.08135750813575082
600036.SH,2026-03-12,J66货币金融服务,1.094003330146137,0.0,0.15075629912582453,0.008939974457215838,0.2558,2.951376,0.0068354430379746756
600039.SH,2026-03-12,E48土木工程建筑业,0.579552573821958,0.0,0.09014524111102568,0.054597701149425304,0.1628,0.789986,-0.03140830800405259
600048.SH,2026-03-12,K70房地产业,2.5214639619763237,0.0,0.01340833059579917,0.027397260273972712,0.9167,0.248137,-0.023474178403755763
600050.SH,2026-03-12,I63电信、广播电视和卫星传输服务,1.0932856952313064,0.0,0.06017778805346941,0.016161616161616266,0.4947,0.400712,-0.013916500994035852
600061.SH,2026-03-12,J67资本市场服务,1.1450333605469596,0.0,0.07396826110677822,0.01664355062413314,0.4813,2.993986,-0.009549795361528002
600066.SH,2026-03-12,C36汽车制造业,0.19383522571433612,0.0,0.07190946598232825,0.005791505791505891,0.6175,1.751711,-0.004798464491362786
600085.SH,2026-03-12,C27医药制造业,0.3313148528117201,0.0,0.03282656987818191,0.011776581426648836,0.3084,2.280288,-0.006983704689058845
600089.SH,2026-03-12,C38电气机械和器材制造业,0.44157752688323987,0.0,0.034136739214975155,0.059182428309945134,4.2189,1.582242,-0.08754863813229574
600104.SH,2026-03-12,C36汽车制造业,1.78529346654003,0.0,0.0172765051261032,0.018387553041018467,0.4711,0.24851,-0.008333333333333415
600111.SH,2026-03-12,C32有色金属冶炼和压延加工业,0.12782221872273392,0.0,0.01145379346718916,0.06663055254604555,2.3134,4.481319,-0.09808473592571099
600115.SH,2026-03-12,G56航空运输业,0.1581500742989049,0.0,100000000.0,0.07858546168958735,1.2637,0.761988,-0.059701492537313494
600150.SH,2026-03-12,C37铁路、船舶、航空航天和其他运输设备制造业,0.5209519041573525,0.0,0.02491242535116306,0.07120743034055721,1.0367,2.853622,-0.05111111111111122
600160.SH,2026-03-12,C26化学原料和化学制品制造业,0.19089707307062714,0.0,0.036988443811465314,0.04572803850782192,1.0841,3.972016,-0.08448928121059274
600161.SH,2026-03-12,C27医药制造业,0.35984568377696907,0.0,0.04131574109077688,0.030051150895140655,0.2948,4.959147,-0.017380509000620714
600000.SH,2026-03-13,J66货币金融服务,2.0514167083788064,0.0,0.1463692735766137,0.037411526794742134,0.2993,1.964302,0.0019493177387914784
600009.SH,2026-03-13,G56航空运输业,0.5773235396168073,0.0,0.03248996425616582,0.014146177164028328,0.3792,5.649524,-0.021523744448240456
600010.SH,2026-03-13,C31黑色金属冶炼和压延加工业,0.40066751207511714,0.0,0.007798581785789913,0.06209150326797386,4.606,1.960341,-0.1149825783972126
600011.SH,2026-03-13,D44电力、热力生产和供应业,0.542517062161605,0.0,0.11818127991980691,0.03153745072273306,1.6033,0.526331,-0.0394904458598726
600015.SH,2026-03-13,J66货币金融服务,2.707913606724291,0.0,0.23869931786895932,0.0437317784256559,0.7069,1.239756,0.0027932960893854997
600016.SH,2026-03-13,J66货币金融服务,3.2410183279586446,0.0,0.1750622127338503,0.020618556701030855,0.9562,1.211259,-0.03282828282828276
600018.SH,2026-03-13,G55水上运输业,1.1611906849283256,0.0,0.11112014888322028,0.00974658869395717,0.25,3.057561,-0.013513513513513375
600019.SH,2026-03-13,C31黑色金属冶炼和压延加工业,1.318845377249126,0.0,0.06094914519128615,0.0014084507042253502,0.7222,0.496863,-0.07594936708860756
600023.SH,2026-03-13,D44电力、热力生产和供应业,1.0050887644142292,0.0,0.09757571192215175,0.01642335766423364,0.6787,0.927546,-0.02513464991023351
600025.SH,2026-03-13,D44电力、热力生产和供应业,0.3515157182010972,0.0,0.04405817758987846,0.01844660194174752,0.2023,7.486777,-0.024785510009532885
600026.SH,2026-03-13,G55水上运输业,0.3096564825810487,0.0,0.027333567818900464,0.12400950871632321,2.47,5.300671,0.06105834464043425
600027.SH,2026-03-13,D44电力、热力生产和供应业,0.78804069442146,0.0,0.10658286695335327,0.017208413001912115,1.8506,0.601676,-0.016917293233082664
600028.SH,2026-03-13,B07石油和天然气开采业,1.0855806662425664,0.0,0.04709595508854369,0.0799418604651162,0.5023,0.271299,-0.03949447077409163
600029.SH,2026-03-13,G56航空运输业,0.3249236591862742,0.0,100000000.0,0.05128205128205121,0.8844,0.64313,-0.08267090620031803
600030.SH,2026-03-13,J67资本市场服务,0.7343858551409213,0.0,0.07874400167567236,0.025728339008702195,0.6623,5.099948,-0.01747572815533982
600031.SH,2026-03-13,C35专用设备制造业,0.37501401614885355,0.0,0.042107748844794964,0.03359055832955071,0.6711,2.272949,-0.0873649600751526
600036.SH,2026-03-13,J66货币金融服务,1.0868490181949395,0.0,0.14977046179026024,0.014285714285714235,0.371,2.970803,-0.00025150905432591575
600039.SH,2026-03-13,E48土木工程建筑业,0.5748930411496941,0.0,0.08942045974098649,0.05954631379962205,0.229,0.796389,-0.02010050251256279
600048.SH,2026-03-13,K70房地产业,2.4941387738813785,0.0,0.0132630390495303,0.01071975497702915,1.7179,0.250855,-0.04643962848297212
600050.SH,2026-03-13,I63电信、广播电视和卫星传输服务,1.084661048845541,0.0,0.05970301451863877,0.02012072434607659,1.0294,0.403899,-0.07495069033530566
600061.SH,2026-03-13,J67资本市场服务,1.149739813880119,0.0,0.07427223790645575,0.0027472527472527375,0.4436,2.981732,-0.017808219178082174
600066.SH,2026-03-13,C36汽车制造业,0.19769296266430017,0.0,0.07334061361157784,0.006568144499178974,0.6886,1.717528,-0.00522022838499181
600085.SH,2026-03-13,C27医药制造业,0.3326423243448942,0.0,0.03295809552831481,0.0023317788141239415,0.2866,2.271188,-0.008347245409014992
600089.SH,2026-03-13,C38电气机械和器材制造业,0.4491507457698982,0.0,0.03472219810958465,0.059261557555072786,4.0482,1.555564,-0.07618733509234821
600104.SH,2026-03-13,C36汽车制造业,1.7572283588541466,0.0,0.01700489892432621,0.03319209039548032,0.9509,0.252479,-0.02392344497607668
600111.SH,2026-03-13,C32有色金属冶炼和压延加工业,0.130010439838319,0.0,0.011649873761967916,0.06408839779005515,1.9752,4.405893,-0.09484454939000397
600115.SH,2026-03-13,G56航空运输业,0.15781356252912646,0.0,100000000.0,0.08203125,1.298,0.763613,-0.07872340425531921
600150.SH,2026-03-13,C37铁路、船舶、航空航天和其他运输设备制造业,0.5330945069941999,0.0,0.025493101592202253,0.09632674030310817,1.0503,2.788623,-0.05770324047754405
600160.SH,2026-03-13,C26化学原料和化学制品制造业,0.19548213420356766,0.0,0.03787685386367393,0.09469254150105222,0.8818,3.878852,-0.08548553719008267
600161.SH,2026-03-13,C27医药制造业,0.36141608605172443,0.0,0.0414960470243164,0.010075566750629594,0.29,4.937599,-0.03304239401496256
600000.SH,2026-03-16,J66货币金融服务,2.045437345185961,0.0,0.14594253483502365,0.044670050761421276,0.1996,1.970046,-0.04178814382896012
600009.SH,2026-03-16,G56航空运输业,0.5749664219609575,0.0,0.03235730750961335,0.008925506350841106,0.366,5.672685,-0.0687308608370194
600010.SH,2026-03-16,C31黑色金属冶炼和压延加工业,0.40777163809614686,0.0,0.007936854512488316,0.07236842105263164,4.1227,1.926189,-0.12411347517730487
600011.SH,2026-03-16,D44电力、热力生产和供应业,0.5574291368209816,0.0,0.12142972327623223,0.0079155672823219,1.3774,0.512251,-0.03926701570680624
600015.SH,2026-03-16,J66货币金融服务,2.711702623843459,0.0,0.23903315867977207,0.04685212298682284,0.5627,1.238024,-0.029370629370629397
600016.SH,2026-03-16,J66货币金融服务,3.265753997282893,0.0,0.17639854499424149,0.012886597938144506,0.6823,1.202083,-0.05343511450381677
600018.SH,2026-03-16,G55水上运输业,1.156724618570057,0.0,0.11069275399697698,0.0216110019646365,0.273,3.069366,-0.04807692307692313
600019.SH,2026-03-16,C31黑色金属冶炼和压延加工业,1.3629363099862344,0.0,0.06298669028247642,0.024113475177305,1.37,0.48079,-0.0915697674418604
600023.SH,2026-03-16,D44电力、热力生产和供应业,1.0215965510900435,0.0,0.0991782388662261,0.0036363636363635488,0.5727,0.912559,-0.04197080291970812
600025.SH,2026-03-16,D44电力、热力生产和供应业,0.3538772024874736,0.0,0.044354155154915316,0.004821600771456103,0.1955,7.436817,-0.03550863723608433
600026.SH,2026-03-16,G55水上运输业,0.2880312917195324,0.0,0.025424702493479393,0.046214788732394485,3.6858,5.698641,-0.010517458981909922
600027.SH,2026-03-16,D44电力、热力生产和供应业,0.7940106190980198,0.0,0.1073903112675955,0.01734104046242768,1.7602,0.597152,-0.030303030303030276
600028.SH,2026-03-16,B07石油和天然气开采业,1.0855806662425664,0.0,0.04709595508854369,0.09571428571428575,0.3023,0.271299,-0.04581358609794628
600029.SH,2026-03-16,G56航空运输业,0.3312430790899163,0.0,100000000.0,0.02373417721518989,1.1296,0.63086,-0.11507293354943271
600030.SH,2026-03-16,J67资本市场服务,0.7415855990009359,0.0,0.07951600199903229,0.014683153013910322,0.9499,5.050434,-0.047450980392156894
600031.SH,2026-03-16,C35专用设备制造业,0.3829278510318757,0.0,0.04299635214648754,0.019746121297602115,0.8478,2.225974,-0.10551558752997614
600036.SH,2026-03-16,J66货币金融服务,1.08276434067231,0.0,0.14920756607694366,0.028873420984789844,0.2962,2.982011,-0.03081934352292648
600039.SH,2026-03-16,E48土木工程建筑业,0.5691726961027607,0.0,0.08853070545869707,0.003996003996004083,0.2665,0.804393,-0.0686567164179106
600048.SH,2026-03-16,K70房地产业,2.4941387738813785,0.0,0.0132630390495303,0.017322834645669305,1.0491,0.250855,-0.08359133126934981
600050.SH,2026-03-16,I63电信、广播电视和卫星传输服务,1.0932856952313064,0.0,0.06017778805346941,0.012072434607645954,0.611,0.400712,-0.11133200795228637
600061.SH,2026-03-16,J67资本市场服务,1.149739813880119,0.0,0.07427223790645575,0.015299026425591,0.3314,2.981732,-0.06986301369863013
600066.SH,2026-03-16,C36汽车制造业,0.193278769448193,0.0,0.0717030250000484,0.06487771739130443,1.2329,1.756754,0.00191387559808609
600085.SH,2026-03-16,C27医药制造业,0.3303261541348081,0.0,0.032728612220111045,0.01072386058981234,0.4821,2.287113,-0.051061007957559634
600089.SH,2026-03-16,C38电气机械和器材制造业,0.46478660485004825,0.0,0.03593095708499906,0.10561660561660557,4.5403,1.503233,-0.03924914675767921
600104.SH,2026-03-16,C36汽车制造业,1.756028005134626,0.0,0.016993283523640268,0.04946236559139794,0.6045,0.252652,-0.04849726775956287
600111.SH,2026-03-16,C32有色金属冶炼和压延加工业,0.13320827740250785,0.0,0.011936423125000694,0.07943578322197475,2.4902,4.300124,-0.08830645161290329
600115.SH,2026-03-16,G56航空运输业,0.15848799913021785,0.0,100000000.0,0.03105590062111807,1.6335,0.760363,-0.13888888888888873
600150.SH,2026-03-16,C37铁路、船舶、航空航天和其他运输设备制造业,0.5372176316975594,0.0,0.025690269276154056,0.06457663451232598,1.0769,2.767221,-0.10827843024921224
600160.SH,2026-03-16,C26化学原料和化学制品制造业,0.199133609491823,0.0,0.0385843673429323,0.07224798633146212,1.2451,3.807726,-0.10286766640357792
600161.SH,2026-03-16,C27医药制造业,0.36119090420169764,0.0,0.041470192987763596,0.002498438475952547,0.3645,4.940677,-0.07850467289719631
600000.SH,2026-03-17,J66货币金融服务,2.0277024711610014,0.0,0.14467713994127845,0.04216867469879526,0.229,1.987277,-0.032755298651252596
600009.SH,2026-03-17,G56航空运输业,0.5730166461335702,0.0,0.03224758405131235,0.003061224489795844,0.451,5.691987,-0.06408952187182082
600010.SH,2026-03-17,C31黑色金属冶炼和压延加工业,0.41363883042793415,0.0,0.008051053857991744,0.08250825082508251,2.576,1.898867,-0.09712230215827344
600011.SH,2026-03-17,D44电力、热力生产和供应业,0.5685927556734185,0.0,0.12386155745999582,0.003989361702127603,0.8778,0.502194,0.004005340453938411
600015.SH,2026-03-17,J66货币金融服务,2.6706120508698183,0.0,0.2354114356283908,0.049132947976878505,0.5226,1.257071,-0.02066115702479332
600016.SH,2026-03-17,J66货币金融服务,3.2740833385172987,0.0,0.17684854478406437,0.005076142131979711,0.6361,1.199024,-0.028061224489795866
600018.SH,2026-03-17,G55水上运输业,1.158954020817132,0.0,0.11090604583236706,0.015655577299412915,0.1923,3.063463,-0.021194605009633993
600019.SH,2026-03-17,C31黑色金属冶炼和压延加工业,1.3709052772998649,0.0,0.0633550315869181,0.02285714285714291,0.8602,0.477995,-0.06578947368421051
600023.SH,2026-03-17,D44电力、热力生产和供应业,1.0291083290882614,0.0,0.09990748566827119,0.003663003663003539,0.5007,0.905898,-0.012867647058823595
600025.SH,2026-03-17,D44电力、热力生产和供应业,0.35765276780323946,0.0,0.04482737984637209,0.005785920925747257,0.1731,7.35831,-0.005819592628516057
600026.SH,2026-03-17,G55水上运输业,0.29485374075043813,0.0,0.026026924176360416,0.0017196904557180703,2.9987,5.566783,0.11412575366063749
600027.SH,2026-03-17,D44电力、热力生产和供应业,0.8016012787143598,0.0,0.10841698516866485,0.01553398058252431,1.2145,0.591497,0.007648183556405286
600028.SH,2026-03-17,B07石油和天然气开采业,1.099476209533778,0.0,0.04769878408644546,0.047256097560975596,0.3338,0.26787,-0.04959999999999998
600029.SH,2026-03-17,G56航空运输业,0.33232031025424164,0.0,100000000.0,0.04945904173106641,0.953,0.628815,-0.08617886178861789
600030.SH,2026-03-17,J67资本市场服务,0.7298508257897168,0.0,0.07825773857517232,0.008419441255262061,1.8164,5.131637,-0.059822462369741425
600031.SH,2026-03-17,C35专用设备制造业,0.38458801969859835,0.0,0.043182753775435775,0.058930190389845705,0.6504,2.216365,-0.07851637764932573
600036.SH,2026-03-17,J66货币金融服务,1.0770964065909683,0.0,0.14842657441262408,0.022947475777664428,0.3181,2.997702,-0.021684945164506364
600039.SH,2026-03-17,E48土木工程建筑业,0.5801406260877637,0.0,0.09023667184053663,0.014985014985015033,0.188,0.789185,-0.01926977687626774
600048.SH,2026-03-17,K70房地产业,2.4787939180312426,0.0,0.013181420276680914,0.023622047244094446,1.5436,0.252409,-0.08153846153846156
600050.SH,2026-03-17,I63电信、广播电视和卫星传输服务,1.104263450757028,0.0,0.060781982080985425,0.0040322580645162365,0.6368,0.396729,-0.08835341365461857
600061.SH,2026-03-17,J67资本市场服务,1.1450333605469596,0.0,0.07396823922157009,0.012430939226519389,0.6925,2.993987,-0.06139154160982263
600066.SH,2026-03-17,C36汽车制造业,0.19433256286949907,0.0,0.07209396785445324,0.042460715479772704,0.6177,1.747228,0.030147530468248807
600085.SH,2026-03-17,C27医药制造业,0.33010730468045946,0.0,0.03270692378756905,0.004326123128119752,0.4328,2.288629,-0.052352551358515464
600089.SH,2026-03-17,C38电气机械和器材制造业,0.4763290652661322,0.0,0.03682326163733823,0.10263653483992463,3.7907,1.466806,-0.0027981811822315183
600104.SH,2026-03-17,C36汽车制造业,1.7572283588541466,0.0,0.01700489892432621,0.04128113879003559,0.4598,0.252479,-0.03759398496240607
600111.SH,2026-03-17,C32有色金属冶炼和压延加工业,0.134839399533186,0.0,0.01208258344289518,0.09208819714656291,1.9693,4.248106,-0.07061224489795925
600115.SH,2026-03-17,G56航空运输业,0.156481813135991,0.0,100000000.0,0.024691358024691357,2.2086,0.770111,-0.11814345991561193
600150.SH,2026-03-17,C37铁路、船舶、航空航天和其他运输设备制造业,0.5451822517008323,0.0,0.026071142673415787,0.07027027027027033,1.0647,2.726794,-0.0819767441860465
600160.SH,2026-03-17,C26化学原料和化学制品制造业,0.19997540302542788,0.0,0.038747470952570924,0.08552790529113308,0.7658,3.791698,-0.07608982826948485
600161.SH,2026-03-17,C27医药制造业,0.36254622011123644,0.0,0.04162580400240431,0.004978220286247725,0.3833,4.922207,-0.059412132582864374
600000.SH,2026-03-18,J66货币金融服务,2.029657353245625,0.0,0.1448166570435998,0.029791459781529195,0.1958,1.985362,-0.026036644165863043
600009.SH,2026-03-18,G56航空运输业,0.5761427359059643,0.0,0.03242349967064209,0.0,0.3327,5.661104,-0.04602795772246837
600010.SH,2026-03-18,C31黑色金属冶炼和压延加工业,0.4181512779330281,0.0,0.008138883536442564,0.07094594594594594,2.196,1.878376,-0.06181818181818177
600011.SH,2026-03-18,D44电力、热力生产和供应业,0.5685927556734185,0.0,0.12386155745999582,0.02853437094682232,0.7754,0.502194,0.025367156208277564
600015.SH,2026-03-18,J66货币金融服务,2.677992790843407,0.0,0.2360617905900577,0.04022988505747138,0.4533,1.253608,-0.008287292817679592
600016.SH,2026-03-18,J66货币金融服务,3.282455276546857,0.0,0.17730084638105037,0.015113350125944613,0.7972,1.195965,-0.007672634271099765
600018.SH,2026-03-18,G55水上运输业,1.163437352388886,0.0,0.11133508018074137,0.003883495145631022,0.2233,3.051658,-0.003868471953578201
600019.SH,2026-03-18,C31黑色金属冶炼和压延加工业,1.3953871292281974,0.0,0.06448637377127664,0.045454545454545525,0.809,0.469609,-0.044642857142857095
600023.SH,2026-03-18,D44电力、热力生产和供应业,1.0253381565240216,0.0,0.09954152170517812,0.012658227848101333,0.4897,0.909228,0.009157509157509125
600025.SH,2026-03-18,D44电力、热力生产和供应业,0.35939575510485733,0.0,0.04504583841994695,0.027488151658767834,0.152,7.322624,-0.0029239766081871066
600026.SH,2026-03-18,G55水上运输业,0.27518106225944017,0.0,0.024290400875659236,0.0931458699472758,4.0691,5.964753,0.01808681672025725
600027.SH,2026-03-18,D44电力、热力生产和供应业,0.8016012787143598,0.0,0.10841698516866485,0.009469696969696906,1.1095,0.591497,0.03824091778202665
600028.SH,2026-03-18,B07石油和天然气开采业,1.1228309712712468,0.0,0.04871199398893994,0.05990783410138245,0.3312,0.262298,-0.0326797385620915
600029.SH,2026-03-18,G56航空运输业,0.3355944569192362,0.0,100000000.0,0.04245283018867929,0.9245,0.622681,-0.054187192118226646
600030.SH,2026-03-18,J67资本市场服务,0.728164530231935,0.0,0.07807693388757546,0.004980842911877503,0.706,5.14352,-0.05044281863688871
600031.SH,2026-03-18,C35专用设备制造业,0.38570276973158946,0.0,0.04330792139993375,0.06966292134831464,0.7537,2.20996,-0.046859903381642476
600036.SH,2026-03-18,J66货币金融服务,1.0824924171406178,0.0,0.14917019603350481,0.010632911392405076,0.3422,2.982758,-0.016533066132264573
600039.SH,2026-03-18,E48土木工程建筑业,0.5909281886337326,0.0,0.09191462858999007,0.024193548387096753,0.2928,0.774778,0.023760330578512345
600048.SH,2026-03-18,K70房地产业,2.533357991351116,0.0,0.013471577403298761,0.004694835680751019,1.1606,0.246972,-0.055031446540880546
600050.SH,2026-03-18,I63电信、广播电视和卫星传输服务,1.104263450757028,0.0,0.060781982080985425,0.011904761904761862,0.5514,0.396729,-0.08634538152610449
600061.SH,2026-03-18,J67资本市场服务,1.149738491979999,0.0,0.07427222135736347,0.00137174211248281,0.3849,2.981733,-0.05342465753424652
600066.SH,2026-03-18,C36汽车制造业,0.19451971817205152,0.0,0.07216340103222528,0.010707332900713684,0.6235,1.745547,0.037560192616372445
600085.SH,2026-03-18,C27医药制造业,0.3314250980935434,0.0,0.03283749051037571,0.005294506949040323,0.3327,2.279529,-0.04856952761144373
600089.SH,2026-03-18,C38电气机械和器材制造业,0.4678202802898427,0.0,0.03616547716603994,0.06217783505154639,3.5378,1.493485,-0.0010305736860185544
600104.SH,2026-03-18,C36汽车制造业,1.78529346654003,0.0,0.0172765051261032,0.007697690692792358,0.5455,0.24851,0.00694444444444442
600111.SH,2026-03-18,C32有色金属冶炼和压延加工业,0.1348118962870512,0.0,0.012080118048846393,0.06433753340969839,2.2953,4.248973,-0.024280759028769583
600115.SH,2026-03-18,G56航空运输业,0.15848799913021785,0.0,100000000.0,0.01680672268907568,1.173,0.760363,-0.0641025641025641
600150.SH,2026-03-18,C37铁路、船舶、航空航天和其他运输设备制造业,0.5423443485278334,0.0,0.025935434048162308,0.05415754923413574,0.9408,2.741062,-0.07894736842105254
600160.SH,2026-03-18,C26化学原料和化学制品制造业,0.19997540302542788,0.0,0.038747470952570924,0.06910969011313317,0.7755,3.791698,-0.0694848084544254
600161.SH,2026-03-18,C27医药制造业,0.36528759640396274,0.0,0.041940554213387916,0.013673088875077677,0.3608,4.885268,-0.047258979206049156
600000.SH,2026-03-19,J66货币金融服务,2.0394885778442196,0.0,0.14551827716837148,0.013752455795677854,0.2278,1.97579,-0.025193798449612337
600009.SH,2026-03-19,G56航空运输业,0.5810956791468586,0.0,0.03270224433213694,0.009874021109976261,0.3882,5.612851,-0.05123796423658866
600010.SH,2026-03-19,C31黑色金属冶炼和压延加工业,0.440580844161709,0.0,0.008575452001998869,0.11525423728813566,3.1224,1.782749,-0.04214559386973171
600011.SH,2026-03-19,D44电力、热力生产和供应业,0.5693528735239527,0.0,0.12402714656573172,0.050761421319796884,1.008,0.501523,0.006684491978609541
600015.SH,2026-03-19,J66货币金融服务,2.719305163144713,0.0,0.23970364958394638,0.012784090909090828,0.4812,1.234561,0.0028050490883591017
600016.SH,2026-03-19,J66货币金融服务,3.3249765589152593,0.0,0.17959747536236934,0.03258145363408527,0.5724,1.180671,-0.005181347150259086
600018.SH,2026-03-19,G55水上运输业,1.165691371552468,0.0,0.11155084454028892,0.009596928982725461,0.2179,3.045755,-0.007751937984496138
600019.SH,2026-03-19,C31黑色金属冶炼和压延加工业,1.4229123030689372,0.0,0.06575848499815515,0.07052186177715092,0.5249,0.460524,-0.04248861911987867
600023.SH,2026-03-19,D44电力、热力生产和供应业,1.0253381565240216,0.0,0.09954152170517812,0.03362831858407089,0.4108,0.909228,0.03663003663003672
600025.SH,2026-03-19,D44电力、热力生产和供应业,0.35939575510485733,0.0,0.04504583841994695,0.030245746691871522,0.1416,7.322624,0.0009746588693957392
600026.SH,2026-03-19,G55水上运输业,0.28851685602027927,0.0,0.025467558914104037,0.05607476635514019,3.5153,5.689051,0.0071639275179098405
600027.SH,2026-03-19,D44电力、热力生产和供应业,0.8031367308158746,0.0,0.10862468011389514,0.03512014787430695,1.2503,0.590366,0.021072796934865856
600028.SH,2026-03-19,B07石油和天然气开采业,1.0942235936491262,0.0,0.047470924770641854,0.02786377708978327,0.4343,0.269156,-0.06369426751592366
600029.SH,2026-03-19,G56航空运输业,0.3517675969981561,0.0,100000000.0,0.08069620253164567,1.1978,0.594052,-0.0206540447504302
600030.SH,2026-03-19,J67资本市场服务,0.7384002853178703,0.0,0.07917446370187331,0.01234091785576552,0.88,5.07222,-0.05778992581023035
600031.SH,2026-03-19,C35专用设备制造业,0.4040510154812147,0.0,0.045368115070961175,0.08135750813575082,1.2231,2.109604,-0.0253036437246964
600036.SH,2026-03-19,J66货币金融服务,1.0865750394155096,0.0,0.14973280928846522,0.0068354430379746756,0.3152,2.97155,-0.005280362081971357
600039.SH,2026-03-19,E48土木工程建筑业,0.5983455744865447,0.0,0.09306836150357523,0.03140830800405259,0.2386,0.765174,0.03661087866108792
600048.SH,2026-03-19,K70房地产业,2.582077798004054,0.0,0.013730646242202228,0.023474178403755763,0.8532,0.242312,-0.05769230769230771
600050.SH,2026-03-19,I63电信、广播电视和卫星传输服务,1.10871505468737,0.0,0.06102707344059045,0.013916500994035852,0.5891,0.395136,-0.094758064516129
600061.SH,2026-03-19,J67资本市场服务,1.1560733736648798,0.0,0.07468143327710568,0.009549795361528002,0.4021,2.965395,-0.06060606060606055
600066.SH,2026-03-19,C36汽车制造业,0.1947698453430043,0.0,0.0722561834312814,0.004798464491362786,0.6722,1.743305,0.051108968177435044
600085.SH,2026-03-19,C27医药制造业,0.3336449577238474,0.0,0.03305743378711714,0.006983704689058845,0.3303,2.264363,-0.050904219691895514
600089.SH,2026-03-19,C38电气机械和器材制造业,0.4839462916405537,0.0,0.03741211986573838,0.08754863813229574,3.5999,1.443719,0.006396588486140775
600104.SH,2026-03-19,C36汽车制造业,1.80029668889433,0.0,0.01742168564669306,0.008333333333333415,0.393,0.246439,0.004901960784313708
600111.SH,2026-03-19,C32有色金属冶炼和压延加工业,0.14172309489792606,0.0,0.012699412041351369,0.09808473592571099,2.6533,4.04177,-0.008794508794508715
600115.SH,2026-03-19,G56航空运输业,0.1681913492797794,0.0,100000000.0,0.059701492537313494,1.5978,0.716496,-0.02267573696145142
600150.SH,2026-03-19,C37铁路、船舶、航空航天和其他运输设备制造业,0.549012546034702,0.0,0.026254312237967196,0.05111111111111122,1.0656,2.70777,-0.10216627634660402
600160.SH,2026-03-19,C26化学原料和化学制品制造业,0.20851426289686778,0.0,0.0404019786788254,0.08448928121059274,1.3093,3.636423,-0.041046831955922736
600161.SH,2026-03-19,C27医药制造业,0.3662106245758823,0.0,0.04204653256121323,0.017380509000620714,0.3837,4.872954,-0.054958938723941864
600000.SH,2026-03-20,J66货币金融服务,2.047426589519633,0.0,0.14608450433454637,0.0019493177387914784,0.2248,1.968131,-0.02529182879377434
600009.SH,2026-03-20,G56航空运输业,0.5900230640015718,0.0,0.03320465312742508,0.021523744448240456,0.6121,5.527925,-0.0328212290502794
600010.SH,2026-03-20,C31黑色金属冶炼和压延加工业,0.4527228335741064,0.0,0.008811783356384665,0.1149825783972126,2.4067,1.734936,0.003937007874015741
600011.SH,2026-03-20,D44电力、热力生产和供应业,0.5648220895141344,0.0,0.1230402003094461,0.0394904458598726,1.1969,0.505546,-0.006631299734747964
600015.SH,2026-03-20,J66货币金融服务,2.7003672499459928,0.0,0.2380344259668899,0.0027932960893854997,0.4659,1.243219,-0.005571030640668551
600016.SH,2026-03-20,J66货币金融服务,3.3510267545976085,0.0,0.18100425504802767,0.03282828282828276,0.5692,1.171495,0.0
600018.SH,2026-03-20,G55水上运输业,1.1770979121814331,0.0,0.11264233344451133,0.013513513513513375,0.1875,3.016242,-0.009784735812133238
600019.SH,2026-03-20,C31黑色金属冶炼和压延加工业,1.4272440915662719,0.0,0.06595866634215003,0.07594936708860756,0.4542,0.459127,-0.021308980213089912
600023.SH,2026-03-20,D44电力、热力生产和供应业,1.031003300241564,0.0,0.10009147359772096,0.02513464991023351,0.5335,0.904233,0.05156537753222845
600025.SH,2026-03-20,D44电力、热力生产和供应业,0.3604497259140284,0.0,0.045177937372355384,0.024785510009532885,0.1295,7.301213,-0.006842619745845546
600026.SH,2026-03-20,G55水上运输业,0.291837367206702,0.0,0.025760664109920756,0.06105834464043425,2.7479,5.624321,0.009803921568627416
600027.SH,2026-03-20,D44电力、热力生产和供应业,0.8016012787143598,0.0,0.10841698516866485,0.016917293233082664,2.049,0.591497,-0.024856596558317512
600028.SH,2026-03-20,B07石油和天然气开采业,1.1302180755776827,0.0,0.04903246684792335,0.03949447077409163,0.3058,0.260584,-0.02960526315789469
600029.SH,2026-03-20,G56航空运输业,0.3542062344547739,0.0,100000000.0,0.08267090620031803,0.7974,0.589962,-0.0017331022530329143
600030.SH,2026-03-20,J67资本市场服务,0.7474478393525308,0.0,0.0801445872469605,0.01747572815533982,0.8286,5.010822,-0.04110671936758892
600031.SH,2026-03-20,C35专用设备制造业,0.4109133659023267,0.0,0.04613864950235083,0.0873649600751526,0.7345,2.074373,-0.013896037056098764
600036.SH,2026-03-20,J66货币金融服务,1.0871219533407257,0.0,0.14980815567584152,0.00025150905432591575,0.2985,2.970056,-0.007798742138364845
600039.SH,2026-03-20,E48土木工程建筑业,0.5866857535098475,0.0,0.09125472231781154,0.02010050251256279,0.215,0.780381,0.019487179487179374
600048.SH,2026-03-20,K70房地产业,2.6156099602427285,0.0,0.013908966288546319,0.04643962848297212,0.6439,0.239206,-0.04383116883116889
600050.SH,2026-03-20,I63电信、广播电视和卫星传输服务,1.1497715403949236,0.0,0.06224273908883228,0.07495069033530566,1.8125,0.373844,-0.04264392324093824
600061.SH,2026-03-20,J67资本市场服务,1.170584613367608,0.0,0.07561885525908343,0.017808219178082174,0.4566,2.928634,-0.040446304044630454
600066.SH,2026-03-20,C36汽车制造业,0.1987303910239047,0.0,0.07372547816870631,0.00522022838499181,0.6232,1.708562,0.054772056411938275
600085.SH,2026-03-20,C27医药制造业,0.3354423713360468,0.0,0.03323552008985821,0.008347245409014992,0.3544,2.252229,-0.04781144781144775
600089.SH,2026-03-20,C38电气机械和器材制造业,0.48619237951788197,0.0,0.0375857570728032,0.07618733509234821,3.2978,1.437049,0.008568368439842766
600104.SH,2026-03-20,C36汽车制造业,1.80029668889433,0.0,0.01742168564669306,0.02392344497607668,0.4861,0.246439,0.008403361344537785
600111.SH,2026-03-20,C32有色金属冶炼和压延加工业,0.14363327552093993,0.0,0.012870577883412617,0.09484454939000397,1.8865,3.988018,0.027608695652173942
600115.SH,2026-03-20,G56航空运输业,0.17129878568003817,0.0,100000000.0,0.07872340425531921,1.1055,0.703498,0.004618937644341736
600150.SH,2026-03-20,C37铁路、船舶、航空航天和其他运输设备制造业,0.5657394950661858,0.0,0.027054217246554876,0.05770324047754405,1.2899,2.62771,-0.06968325791855201
600160.SH,2026-03-20,C26化学原料和化学制品制造业,0.21375509779188845,0.0,0.041417447530513685,0.08548553719008267,0.8588,3.547266,-0.010731431798926772
600161.SH,2026-03-20,C27医药制造业,0.37376624434818717,0.0,0.042914029081035115,0.03304239401496256,0.4319,4.774449,-0.025789813023855634
600000.SH,2026-03-23,J66货币金融服务,2.134640302435838,0.0,0.1523071718858019,0.04178814382896012,0.2804,1.887721,0.015212981744421983
600009.SH,2026-03-23,G56航空运输业,0.6174009519087876,0.0,0.034745387020005944,0.0687308608370194,0.9541,5.282797,0.013153087321885248
600010.SH,2026-03-23,C31黑色金属冶炼和压延加工业,0.46555303277539906,0.0,0.009061510010209332,0.12411347517730487,2.9609,1.687123,0.036437246963562764
600011.SH,2026-03-23,D44电力、热力生产和供应业,0.5802123228974411,0.0,0.12639278529758674,0.03926701570680624,1.1763,0.492137,-0.024523160762942697
600015.SH,2026-03-23,J66货币金融服务,2.7937565129448707,0.0,0.24626617383879956,0.029370629370629397,0.6871,1.201662,0.03746397694524495
600016.SH,2026-03-23,J66货币金融服务,3.4501079883800365,0.0,0.18635653956777956,0.05343511450381677,1.004,1.137849,0.034946236559139754
600018.SH,2026-03-23,G55水上运输业,1.2151450822470948,0.0,0.11628330193877988,0.04807692307692313,0.3945,2.9218,0.028282828282828243
600019.SH,2026-03-23,C31黑色金属冶炼和压延加工业,1.5003188177487716,0.0,0.0693357462173017,0.0915697674418604,0.7935,0.436764,0.03839999999999999
600023.SH,2026-03-23,D44电力、热力生产和供应业,1.0663515953153042,0.0,0.10352318380996788,0.04197080291970812,0.7625,0.874258,0.04761904761904767
600025.SH,2026-03-23,D44电力、热力生产和供应业,0.36690555887605086,0.0,0.04598709482552749,0.03550863723608433,0.2704,7.172746,0.004975124378109319
600026.SH,2026-03-23,G55水上运输业,0.2910928498863282,0.0,0.02569494813680278,0.010517458981909922,3.0424,5.638705,-0.03911564625850328
600027.SH,2026-03-23,D44电力、热力生产和供应业,0.8188231055503924,0.0,0.11074626369792849,0.030303030303030276,1.9841,0.579056,-0.0546875
600028.SH,2026-03-23,B07石油和天然气开采业,1.1368222407903188,0.0,0.04355069893645709,0.04581358609794628,0.356,0.262392,-0.011589403973509937
600029.SH,2026-03-23,G56航空运输业,0.3743167783004072,0.0,100000000.0,0.11507293354943271,1.3462,0.558265,0.0494505494505495
600030.SH,2026-03-23,J67资本市场服务,0.7785275863464947,0.0,0.08347706692974186,0.047450980392156894,1.6365,4.810786,-0.00782214903252354
600031.SH,2026-03-23,C35专用设备制造业,0.42809905184622,0.0,0.04806830775714814,0.10551558752997614,1.1918,1.991099,0.011796246648793751
600036.SH,2026-03-23,J66货币金融服务,1.1171948577755086,0.0,0.15395226248244945,0.03081934352292648,0.4643,2.890107,0.020682523267838704
600039.SH,2026-03-23,E48土木工程建筑业,0.6111307691508521,0.0,0.09505700711302077,0.0686567164179106,0.2744,0.749166,0.079059829059829
600048.SH,2026-03-23,K70房地产业,2.721643872899231,0.0,0.01447284318599149,0.08359133126934981,1.2894,0.229886,-0.013513513513513487
600050.SH,2026-03-23,I63电信、广播电视和卫星传输服务,1.20635992954858,0.0,0.06530613950854257,0.11133200795228637,1.0987,0.356308,-0.0022371364653243075
600061.SH,2026-03-23,J67资本市场服务,1.2360969990037058,0.0,0.07985083863343274,0.06986301369863013,0.8445,2.77342,0.013254786450662692
600066.SH,2026-03-23,C36汽车制造业,0.19290957016661214,0.0,0.07156606005365737,0.00191387559808609,1.3763,1.760116,0.03788602355937609
600085.SH,2026-03-23,C27医药制造业,0.3481005718248093,0.0,0.03448969104859042,0.051061007957559634,0.7791,2.17033,-0.015024458420684783
600089.SH,2026-03-23,C38电气机械和器材制造业,0.48377444693695787,0.0,0.03739882915485565,0.03924914675767921,5.3977,1.444232,-0.013499111900532879
600104.SH,2026-03-23,C36汽车制造业,1.8455292054996768,0.0,0.017859416424637342,0.04849726775956287,0.5488,0.240399,0.032304379038047504
600111.SH,2026-03-23,C32有色金属冶炼和压延加工业,0.14611080078800476,0.0,0.013092582561007343,0.08830645161290329,2.7961,3.920395,0.04179566563467496
600115.SH,2026-03-23,G56航空运输业,0.1840505815170148,0.0,100000000.0,0.13888888888888873,1.8739,0.654757,0.07940446650124056
600150.SH,2026-03-23,C37铁路、船舶、航空航天和其他运输设备制造业,0.6024499228562874,0.0,0.028809743593570115,0.10827843024921224,1.8393,2.46759,-0.01863154513331189
600160.SH,2026-03-23,C26化学原料和化学制品制造业,0.2219668124100757,0.0,0.04300855693948012,0.10286766640357792,1.2218,3.416034,0.016422287390029267
600161.SH,2026-03-23,C27医药制造业,0.3919618041061135,0.0,0.045003151570704496,0.07850467289719631,0.813,4.552811,0.02772143340094657
600000.SH,2026-03-24,J66货币金融服务,2.096370135111055,0.0,0.14957657116352174,0.032755298651252596,0.1831,1.922183,0.013944223107569709
600009.SH,2026-03-24,G56航空运输业,0.6122558935752315,0.0,0.034455842666904275,0.06408952187182082,0.4118,5.32719,0.0007246376811593791
600010.SH,2026-03-24,C31黑色金属冶炼和压延加工业,0.45813368249228387,0.0,0.008917103476182091,0.09712230215827344,2.4365,1.714445,0.0
600011.SH,2026-03-24,D44电力、热力生产和供应业,0.5663242104166277,0.0,0.12336743250290191,0.004005340453938411,1.6335,0.504205,-0.06648936170212771
600015.SH,2026-03-24,J66货币金融服务,2.726957887589342,0.0,0.240377970320532,0.02066115702479332,0.431,1.231098,0.029535864978903037
600016.SH,2026-03-24,J66货币金融服务,3.36861395010409,0.0,0.181954416051873,0.028061224489795866,0.7622,1.165378,-0.005249343832021025
600018.SH,2026-03-24,G55水上运输业,1.1840499005990108,0.0,0.11330755284352668,0.021194605009633993,0.297,2.998534,0.0019685039370078705
600019.SH,2026-03-24,C31黑色金属冶炼和压延加工业,1.4674483274757686,0.0,0.0678166563133238,0.06578947368421051,0.573,0.446548,0.003129890453834161
600023.SH,2026-03-24,D44电力、热力生产和供应业,1.0425224038064578,0.0,0.10120982172497162,0.012867647058823595,0.6265,0.894241,0.011173184357541777
600025.SH,2026-03-24,D44电力、热力生产和供应业,0.35974639318266194,0.0,0.04508978548624734,0.005819592628516057,0.212,7.315487,-0.0331707317073171
600026.SH,2026-03-24,G55水上运输业,0.26465031357092406,0.0,0.023360849766795644,0.11412575366063749,4.1965,6.202097,-0.1495941244684964
600027.SH,2026-03-24,D44电力、热力生产和供应业,0.7955171020266594,0.0,0.10759408753273954,0.007648183556405286,2.019,0.596021,-0.10626185958254264
600028.SH,2026-03-24,B07石油和天然气开采业,1.1559611180918319,0.0,0.044283877010919785,0.04959999999999998,0.2712,0.258048,-0.010101010101010166
600029.SH,2026-03-24,G56航空运输业,0.3636601668472845,0.0,100000000.0,0.08617886178861789,1.2694,0.574625,0.005338078291815096
600030.SH,2026-03-24,J67资本市场服务,0.7762908358090542,0.0,0.08323719437383156,0.059822462369741425,1.0505,4.824649,-0.013136288998357948
600031.SH,2026-03-24,C35专用设备制造业,0.41735739315233383,0.0,0.046862202957483,0.07851637764932573,0.8259,2.042345,0.00470465237846307
600036.SH,2026-03-24,J66货币金融服务,1.1009711666661162,0.0,0.15171652071537373,0.021684945164506364,0.2988,2.932697,0.0017834394904459039
600039.SH,2026-03-24,E48土木工程建筑业,0.5915392146133848,0.0,0.09200967720981021,0.01926977687626774,0.2267,0.773978,0.04136504653567741
600048.SH,2026-03-24,K70房地产业,2.6988513688574143,0.0,0.014351630092589829,0.08153846153846156,0.811,0.231828,-0.025125628140703404
600050.SH,2026-03-24,I63电信、广播电视和卫星传输服务,1.1877598967123992,0.0,0.06429921666193317,0.08835341365461857,0.5808,0.361887,-0.01982378854625544
600061.SH,2026-03-24,J67资本市场服务,1.2199272679362856,0.0,0.07880628029313415,0.06139154160982263,0.4085,2.810181,0.007267441860465018
600066.SH,2026-03-24,C36汽车制造业,0.18864539589217102,0.0,0.0699841192036703,0.030147530468248807,1.4023,1.799902,0.11643835616438358
600085.SH,2026-03-24,C27医药制造业,0.3483439380839551,0.0,0.03451381033881207,0.052352551358515464,0.4864,2.168814,-0.02867132867132871
600089.SH,2026-03-24,C38电气机械和器材制造业,0.47766578107430857,0.0,0.036926588243947976,0.0027981811822315183,3.8492,1.462702,-0.0705015783935462
600104.SH,2026-03-24,C36汽车制造业,1.8258703924160649,0.0,0.01766915285193644,0.03759398496240607,0.4908,0.242987,0.03622159090909083
600111.SH,2026-03-24,C32有色金属冶炼和压延加工业,0.14508412195016854,0.0,0.013000583739210474,0.07061224489795925,2.3174,3.948138,0.04699165568730779
600115.SH,2026-03-24,G56航空运输业,0.17744588299821792,0.0,100000000.0,0.11814345991561193,1.6188,0.679128,0.01674641148325362
600150.SH,2026-03-24,C37铁路、船舶、航空航天和其他运输设备制造业,0.5938651356031651,0.0,0.028399218146805044,0.0819767441860465,1.0286,2.503261,-0.023432552248258354
600160.SH,2026-03-24,C26化学原料和化学制品制造业,0.21644464136096928,0.0,0.0419385701438732,0.07608982826948485,0.8661,3.503188,-0.02344867028881903
600161.SH,2026-03-24,C27医药制造业,0.3854464664966077,0.0,0.04425509361744631,0.059412132582864374,0.3405,4.629768,0.00465425531914887
600000.SH,2026-03-25,J66货币金融服务,2.0839150929634522,0.0,0.148687984657779,0.026036644165863043,0.1371,1.93367,0.013861386138613874
600009.SH,2026-03-25,G56航空运输业,0.6039409563163467,0.0,0.03398789371618566,0.04602795772246837,0.3735,5.400535,0.005003573981415377
600010.SH,2026-03-25,C31黑色金属冶炼和压延加工业,0.44570370598174486,0.0,0.008675166560161646,0.06181818181818177,2.8137,1.762258,0.019379844961240345
600011.SH,2026-03-25,D44电力、热力生产和供应业,0.5385661860142978,0.0,0.11952050762750001,0.025367156208277564,2.5474,0.525807,-0.08072916666666663
600015.SH,2026-03-25,J66货币金融服务,2.7003672499459928,0.0,0.2380344259668899,0.008287292817679592,0.3965,1.243219,0.027855153203342642
600016.SH,2026-03-25,J66货币金融服务,3.3078409060837806,0.0,0.17867173999116648,0.007672634271099765,0.648,1.186789,-0.02577319587628868
600018.SH,2026-03-25,G55水上运输业,1.1679555055670598,0.0,0.11176744681462218,0.003868471953578201,0.2381,3.039853,-0.021359223300970953
600019.SH,2026-03-25,C31黑色金属冶炼和压延加工业,1.4605917733628957,0.0,0.06749975311965296,0.044642857142857095,0.3879,0.448644,0.009345794392523477
600023.SH,2026-03-25,D44电力、热力生产和供应业,1.016034033075972,0.0,0.09863823991502907,0.009157509157509125,0.9094,0.917555,-0.007259528130671544
600025.SH,2026-03-25,D44电力、热力生产和供应业,0.3604497259140284,0.0,0.045177937372355384,0.0029239766081871066,0.2313,7.301213,-0.03616813294232657
600026.SH,2026-03-25,G55水上运输业,0.27029233196871744,0.0,0.02385887020185296,0.01808681672025725,4.1528,6.072636,-0.06632451638373471
600027.SH,2026-03-25,D44电力、热力生产和供应业,0.7720767629600805,0.0,0.10442372306494487,0.03824091778202665,3.5903,0.614116,-0.1289134438305708
600028.SH,2026-03-25,B07石油和天然气开采业,1.159866754507242,0.0,0.04443348418501214,0.0326797385620915,0.2674,0.257179,-0.005067567567567655
600029.SH,2026-03-25,G56航空运输业,0.3548211860891644,0.0,100000000.0,0.054187192118226646,1.1672,0.588939,0.02951388888888884
600030.SH,2026-03-25,J67资本市场服务,0.7668464666015359,0.0,0.08222457603775227,0.05044281863688871,0.9319,4.884066,-0.006082725060827188
600031.SH,2026-03-25,C35专用设备制造业,0.4046653053725794,0.0,0.04543709760906357,0.046859903381642476,0.8392,2.106401,0.028890015205271125
600036.SH,2026-03-25,J66货币金融服务,1.1006900225751524,0.0,0.15167788349894787,0.016533066132264573,0.3169,2.933444,0.01426388181355076
600039.SH,2026-03-25,E48土木工程建筑业,0.5772135707528192,0.0,0.08978138770781473,0.023760330578512345,0.2081,0.793187,-0.04540867810292626
600048.SH,2026-03-25,K70房地产业,2.6808932736387763,0.0,0.01425611187671976,0.055031446540880546,0.7588,0.233381,-0.019966722129783676
600050.SH,2026-03-25,I63电信、广播电视和卫星传输服务,1.1851500696275665,0.0,0.06415790029156558,0.08634538152610449,0.5104,0.362684,-0.015384615384615219
600061.SH,2026-03-25,J67资本市场服务,1.214629975124378,0.0,0.07846414286751133,0.05342465753424652,0.5297,2.822435,0.01447178002894356
600066.SH,2026-03-25,C36汽车制造业,0.18747800648636406,0.0,0.06955104591210598,0.037560192616372445,0.7778,1.81111,0.15222772277227725
600085.SH,2026-03-25,C27医药制造业,0.3483439380839551,0.0,0.03451381033881207,0.04856952761144373,0.5131,2.168814,0.002097902097901949
600089.SH,2026-03-25,C38电气机械和器材制造业,0.46830291705887034,0.0,0.036202786723989196,0.0010305736860185544,3.9183,1.491946,-0.07909215955983484
600104.SH,2026-03-25,C36汽车制造业,1.7729804865767647,0.0,0.01715735677604756,0.00694444444444442,0.5632,0.250236,0.022068965517241468
600111.SH,2026-03-25,C32有色金属冶炼和压延加工业,0.13816668013791797,0.0,0.012380731614820931,0.024280759028769583,3.1864,4.145805,0.013801756587201952
600115.SH,2026-03-25,G56航空运输业,0.1693433356539015,0.0,100000000.0,0.0641025641025641,1.9407,0.711622,0.0365296803652968
600150.SH,2026-03-25,C37铁路、船舶、航空航天和其他运输设备制造业,0.5888310525943896,0.0,0.028158470918438087,0.07894736842105254,0.9499,2.524663,-0.025117739403453743
600160.SH,2026-03-25,C26化学原料和化学制品制造业,0.21490822666542594,0.0,0.04164088055138522,0.0694848084544254,0.7661,3.528232,-0.009653605905735274
600161.SH,2026-03-25,C27医药制造业,0.3834070625114543,0.0,0.044020939528347326,0.047258979206049156,0.2871,4.654395,0.016534391534391624
600000.SH,2026-03-26,J66货币金融服务,2.0921990267090127,0.0,0.1492791979288407,0.025193798449612337,0.1083,1.926012,0.01888667992047699
600009.SH,2026-03-26,G56航空运输业,0.6124778895481874,0.0,0.0344683306529036,0.05123796423658866,0.3342,5.32526,0.01051105472997449
600010.SH,2026-03-26,C31黑色金属冶炼和压延加工业,0.45996636725922607,0.0,0.00895277189008682,0.04214559386973171,1.9997,1.707614,0.04800000000000004
600011.SH,2026-03-26,D44电力、热力生产和供应业,0.5492948153160971,0.0,0.12190138860309785,0.006684491978609541,1.8079,0.515538,-0.06640106241699872
600015.SH,2026-03-26,J66货币金融服务,2.711702623843459,0.0,0.23903315867977207,0.0028050490883591017,0.3079,1.238024,0.047552447552447585
600016.SH,2026-03-26,J66货币金融服务,3.3423018432794667,0.0,0.18053288614133883,0.005181347150259086,0.4458,1.174554,-0.02083333333333337
600018.SH,2026-03-26,G55水上运输业,1.1747982284042715,0.0,0.11242233022260745,0.007751937984496138,0.179,3.022145,-0.0078125
600019.SH,2026-03-26,C31黑色金属冶炼和压延加工业,1.486054125063343,0.0,0.06867645567130515,0.04248861911987867,0.3597,0.440957,0.020602218700475516
600023.SH,2026-03-26,D44电力、热力生产和供应业,0.9891069649945154,0.0,0.09602415814180194,0.03663003663003672,1.4715,0.942533,-0.026501766784452374
600025.SH,2026-03-26,D44电力、热力生产和供应业,0.359045799882233,0.0,0.045001974911669,0.0009746588693957392,0.163,7.329761,-0.03797468354430367
600026.SH,2026-03-26,G55水上运输业,0.2864645773659181,0.0,0.02528640904063971,0.0071639275179098405,3.3041,5.729807,0.015481171548117123
600027.SH,2026-03-26,D44电力、热力生产和供应业,0.7865617498167311,0.0,0.1063828995020961,0.021072796934865856,2.7982,0.602807,-0.1238273921200751
600028.SH,2026-03-26,B07石油和天然气开采业,1.1677563779933975,0.0,0.04473575173017757,0.06369426751592366,0.2322,0.255441,0.011904761904761862
600029.SH,2026-03-26,G56航空运输业,0.35918624201753474,0.0,100000000.0,0.0206540447504302,1.3876,0.581782,0.008787346221441172
600030.SH,2026-03-26,J67资本市场服务,0.7836898469061885,0.0,0.0840305841075141,0.05778992581023035,0.9349,4.779097,0.0
600031.SH,2026-03-26,C35专用设备制造业,0.41454041976362904,0.0,0.04654589651143626,0.0253036437246964,0.4941,2.056223,0.04205607476635498
600036.SH,2026-03-26,J66货币金融服务,1.0923434371460123,0.0,0.1505276445524497,0.005280362081971357,0.299,2.955859,0.005055611729019027
600039.SH,2026-03-26,E48土木工程建筑业,0.5772135707528192,0.0,0.08978138770781473,0.03661087866108792,0.242,0.793187,-0.03128153380423815
600048.SH,2026-03-26,K70房地产业,2.7401614503126526,0.0,0.014571297987619233,0.05769230769230771,0.6855,0.228333,-0.030612244897959107
600050.SH,2026-03-26,I63电信、广播电视和卫星传输服务,1.2009862499084247,0.0,0.06501524477459475,0.094758064516129,0.4273,0.357902,-0.013363028953229494
600061.SH,2026-03-26,J67资本市场服务,1.2306586608218584,0.0,0.07949959141184994,0.06060606060606055,0.4021,2.785674,0.019061583577712593
600066.SH,2026-03-26,C36汽车制造业,0.18529938450956443,0.0,0.06874280950212608,0.051108968177435044,1.0043,1.832404,0.16972477064220182
600085.SH,2026-03-26,C27医药制造业,0.35153981469633283,0.0,0.03483045059109016,0.050904219691895514,0.4391,2.149097,-0.004234297812279464
600089.SH,2026-03-26,C38电气机械和器材制造业,0.48087025976130565,0.0,0.03717433009905509,0.006396588486140775,2.7279,1.452954,-0.0759180790960452
600104.SH,2026-03-26,C36汽车制造业,1.7915143133036062,0.0,0.017336701877623758,0.004901960784313708,0.4121,0.247647,-0.0027874564459929863
600111.SH,2026-03-26,C32有色金属冶炼和压延加工业,0.14298053505889868,0.0,0.012812088051331376,0.008794508794508715,1.92,4.006224,0.02964726249729499
600115.SH,2026-03-26,G56航空运输业,0.17209369882363632,0.0,100000000.0,0.02267573696145142,1.3845,0.700249,0.013921113689095321
600150.SH,2026-03-26,C37铁路、船舶、航空航天和其他运输设备制造业,0.6114857820383389,0.0,0.02924184208165422,0.10216627634660402,1.1065,2.431127,0.0074991848712095965
600160.SH,2026-03-26,C26化学原料和化学制品制造业,0.21743947191780091,0.0,0.042131336689965014,0.041046831955922736,0.5071,3.48716,-0.03476012640045967
600161.SH,2026-03-26,C27医药制造业,0.3875076823398024,0.0,0.04449175203002517,0.054958938723941864,0.3113,4.605142,0.019385026737967825
600000.SH,2026-03-27,J66货币金融服务,2.1005534958461554,0.0,0.1498751315341623,0.02529182879377434,0.1178,1.918354,0.009980039920159722
600009.SH,2026-03-27,G56航空运输业,0.6100454971931807,0.0,0.0343314528051183,0.0328212290502794,0.3288,5.346491,-0.00036101083032480386
600010.SH,2026-03-27,C31黑色金属冶炼和压延加工业,0.4509473050036211,0.0,0.008777227343222373,0.003937007874015741,1.9036,1.741767,0.04313725490196085
600011.SH,2026-03-27,D44电力、热力生产和供应业,0.5522280746126397,0.0,0.12255239881001621,0.006631299734747964,1.1388,0.512799,-0.08010680907877177
600015.SH,2026-03-27,J66货币金融服务,2.7154948853653833,0.0,0.23936793460659522,0.005571030640668551,0.273,1.236293,0.036414565826330625
600016.SH,2026-03-27,J66货币金融服务,3.3510267545976085,0.0,0.18100425504802767,0.0,0.4321,1.171495,-0.026109660574412552
600018.SH,2026-03-27,G55水上运输业,1.1887298896620917,0.0,0.11375540608347985,0.009784735812133238,0.2319,2.986729,-0.007905138339920903
600019.SH,2026-03-27,C31黑色金属冶炼和压延加工业,1.4583190539592632,0.0,0.06739477737651677,0.021308980213089912,0.4535,0.449343,-0.004665629860031051
600023.SH,2026-03-27,D44电力、热力生产和供应业,0.9804459852697796,0.0,0.09518331497405827,0.05156537753222845,1.0032,0.95086,-0.05253940455341499
600025.SH,2026-03-27,D44电力、热力生产和供应业,0.36293306534355785,0.0,0.04548920202341429,0.006842619745845546,0.1407,7.251254,-0.04429133858267709
600026.SH,2026-03-27,G55水上运输业,0.3584212690048397,0.0,0.03118310930711973,0.009803921568627416,2.6991,5.418955,0.04896580835795694
600027.SH,2026-03-27,D44电力、热力生产和供应业,0.8132752546364823,0.0,0.10250438718777163,0.024856596558317512,3.4652,0.469953,-0.10784313725490191
600028.SH,2026-03-27,B07石油和天然气开采业,1.1637975178526538,0.0,0.04458410564150331,0.02960526315789469,0.2035,0.25631,-0.006779661016949157
600029.SH,2026-03-27,G56航空运输业,0.3548211860891644,0.0,100000000.0,0.0017331022530329143,0.7541,0.588939,-0.015625
600030.SH,2026-03-27,J67资本市场服务,0.7834000659622856,0.0,0.08365010932651039,0.04110671936758892,0.7783,4.80328,-0.011541632316570571
600031.SH,2026-03-27,C35专用设备制造业,0.4167039963996775,0.0,0.04678882886765934,0.013896037056098764,0.6526,2.045547,0.03757828810020869
600036.SH,2026-03-27,J66货币金融服务,1.0956670749852633,0.0,0.1509856494179654,0.007798742138364845,0.2269,2.946893,-0.001014198782961384
600039.SH,2026-03-27,E48土木工程建筑业,0.575471339800864,0.0,0.08951041740139801,0.019487179487179374,0.1851,0.795589,-0.04024144869215296
600048.SH,2026-03-27,K70房地产业,2.735506602145184,0.0,0.014546559026008956,0.04383116883116889,0.5619,0.228721,-0.06451612903225801
600050.SH,2026-03-27,I63电信、广播电视和卫星传输服务,1.2009862499084247,0.0,0.06501524477459475,0.04264392324093824,0.3621,0.357902,-0.006681514476614803
600061.SH,2026-03-27,J67资本市场服务,1.2199272679362856,0.0,0.07880628029313415,0.040446304044630454,0.3246,2.810181,-0.023255813953488413
600066.SH,2026-03-27,C36汽车制造业,0.1884107422007844,0.0,0.06989707166917213,0.054772056411938275,0.9687,1.802144,0.15516169154228865
600085.SH,2026-03-27,C27医药制造业,0.35228559370338824,0.0,0.03490434777631032,0.04781144781144775,0.8146,2.144547,-0.01591230551626599
600089.SH,2026-03-27,C38电气机械和器材制造业,0.4820619912438259,0.0,0.03726644374376905,0.008568368439842766,1.9396,1.449363,-0.09734513274336287
600104.SH,2026-03-27,C36汽车制造业,1.78529346654003,0.0,0.0172765051261032,0.008403361344537785,0.3513,0.24851,-0.022222222222222254
600111.SH,2026-03-27,C32有色金属冶炼和压延加工业,0.13977428130860037,0.0,0.012524784983884986,0.027608695652173942,2.147,4.098122,0.007192722657076267
600115.SH,2026-03-27,G56航空运输业,0.17051121136791428,0.0,100000000.0,0.004618937644341736,0.9823,0.706748,-0.013793103448275779
600150.SH,2026-03-27,C37铁路、船舶、航空航天和其他运输设备制造业,0.6081149288566345,0.0,0.02908065239768234,0.06968325791855201,0.7033,2.444603,-0.010700389105058328
600160.SH,2026-03-27,C26化学原料和化学制品制造业,0.21607391110632865,0.0,0.04186673733771929,0.010731431798926772,0.6618,3.509199,-0.038538395660862146
600161.SH,2026-03-27,C27医药制造业,0.3836608070151611,0.0,0.04405007295132581,0.025789813023855634,0.3517,4.651316,-0.018530774321641297
600000.SH,2026-03-30,J66货币金融服务,2.102651443470216,0.03409090909090917,0.15002483661170107,0.01887792734648719,0.1156,1.916439,0.0
600009.SH,2026-03-30,G56航空运输业,0.6093856356836728,-0.07443257676902537,0.03429431137965843,0.08758566409091062,0.3253,5.352282,0.0
600010.SH,2026-03-30,C31黑色金属冶炼和压延加工业,0.4491858506457047,-0.22891566265060237,0.00874294129891291,0.26535290961416513,1.9293,1.748597,0.0
600011.SH,2026-03-30,D44电力、热力生产和供应业,0.5776800599862973,-0.032432432432432434,0.12820075623062085,0.007909271669489737,1.6074,0.490206,0.0
600015.SH,2026-03-30,J66货币金融服务,2.692870087868351,0.06194690265486735,0.23737322786049578,0.024482925709622405,0.3749,1.246682,0.0
600016.SH,2026-03-30,J66货币金融服务,3.3336111342611887,-0.025316455696202556,0.1800639659232546,0.06026269225534231,0.4481,1.177613,0.0
600018.SH,2026-03-30,G55水上运输业,1.1817229994020482,-0.007797270955165692,0.11308494601890103,0.036080099237993934,0.1815,3.004437,0.0
600019.SH,2026-03-30,C31黑色金属冶炼和压延加工业,1.4448382431344897,-0.11217510259917918,0.06677171638232711,0.15057510259917917,0.3602,0.453536,0.0
600023.SH,2026-03-30,D44电力、热力生产和供应业,1.0178811175927518,0.012891344383057168,0.09881758826584618,0.034727703235990504,0.9725,0.915889,0.0
600025.SH,2026-03-30,D44电力、热力生产和供应业,0.3650891529457036,0.04771784232365128,0.04575943432553362,0.042742717945541964,0.1296,7.208431,0.0
600026.SH,2026-03-30,G55水上运输业,0.37570792766269845,-0.0017667844522968323,0.032687073926034316,0.037348861806206446,3.1193,5.169624,0.0
600027.SH,2026-03-30,D44电力、热力生产和供应业,0.8569633845254694,-0.06743737957610796,0.10801082830155889,0.012749879576107959,3.3176,0.445995,0.0
600028.SH,2026-03-30,B07石油和天然气开采业,1.1501523951923631,-0.16033755274261607,0.04406134378903147,0.14874814876910614,0.2188,0.259351,0.0
600029.SH,2026-03-30,G56航空运输业,0.35667891977649074,-0.18142857142857138,100000000.0,0.23087912087912088,0.807,0.585872,0.0
600030.SH,2026-03-30,J67资本市场服务,0.7886012422046768,-0.10971555227188767,0.0842054633515088,0.10189340323936413,0.7469,4.771601,0.0
600031.SH,2026-03-30,C35专用设备制造业,0.4231079564181881,-0.17849368741837168,0.04750789272375767,0.19028993406716543,0.7679,2.014587,0.0
600036.SH,2026-03-30,J66货币金融服务,1.1001717368081156,0.02094647013188511,0.15083267934797445,0.0002639468640464049,0.3132,2.949882,0.0
600039.SH,2026-03-30,E48土木工程建筑业,0.5663550015093362,-0.0049261083743843415,0.0880924315123189,0.08398593743421334,0.2783,0.808395,0.0
600048.SH,2026-03-30,K70房地产业,2.7589327344610015,-0.13991163475699564,0.014671101486346896,0.12639812124348215,0.6277,0.22678,0.0
600050.SH,2026-03-30,I63电信、广播电视和卫星传输服务,1.2090655736713882,-0.09533468559837721,0.06545256521693599,0.0930975491330529,0.5403,0.35551,0.0
600061.SH,2026-03-30,J67资本市场服务,1.2199272679362856,-0.06901217861975639,0.07880628029313415,0.08226696507041908,0.3666,2.810181,0.0
600066.SH,2026-03-30,C36汽车制造业,0.18586776735080254,0.07732980832782554,0.06895367623077141,0.03944378476844945,0.9488,1.8268,0.0
600085.SH,2026-03-30,C27医药制造业,0.3534103390901521,-0.07208689927583933,0.03501578459045661,0.05706244085515455,0.5441,2.137722,0.0
600089.SH,2026-03-30,C38电气机械和器材制造业,0.49039415920940616,-0.11813274055255629,0.037910588256702446,0.10463362865202341,2.2153,1.424736,0.0
600104.SH,2026-03-30,C36汽车制造业,1.7877766137365603,0.0070028011204483764,0.017300533413506312,0.025301577917599127,0.3779,0.248165,0.0
600111.SH,2026-03-30,C32有色金属冶炼和压延加工业,0.14024901212102087,-0.2369614512471656,0.01256732299217756,0.27875711688184057,1.4877,4.084251,0.0
600115.SH,2026-03-30,G56航空运输业,0.17051121136791428,-0.21621621621621623,100000000.0,0.2956206827174568,1.0344,0.706748,0.0
600150.SH,2026-03-30,C37铁路、船舶、航空航天和其他运输设备制造业,0.6138874854738874,-0.19879360083923425,0.029356704479765582,0.18016205570592236,0.7536,2.421615,0.0
600160.SH,2026-03-30,C26化学原料和化学制品制造业,0.218380520632264,-0.1995381062355659,0.04231367090390126,0.21596039362559516,0.6081,3.472133,0.0
600161.SH,2026-03-30,C27医药制造业,0.39044274254791217,-0.072039072039072,0.03629346196510514,0.09976050544001858,0.4384,4.872871,0.0
600000.SH,2026-03-31,J66货币金融服务,2.1736862240461865,0.04624871531346342,0.14751951830746726,0.03230449220589371,0.29,1.948986,0.0
600009.SH,2026-03-31,G56航空运输业,0.6118127583761755,-0.07687165775401072,0.0344308926363855,0.0775962954351701,0.3551,5.33105,0.0
600010.SH,2026-03-31,C31黑色金属冶炼和压延加工业,0.45813368249228387,-0.1661129568106312,0.008917103476182091,0.1661129568106312,1.9896,1.714445,0.0
600011.SH,2026-03-31,D44电力、热力生产和供应业,0.5892008904003856,-0.055181695827725474,0.13075746360333312,0.01130766587440224,1.0896,0.480621,0.0
600015.SH,2026-03-31,J66货币金融服务,2.7103282478540978,0.07805596465390274,0.23348185892652515,0.048520099674999706,0.6887,1.26746,0.0
600016.SH,2026-03-31,J66货币金融服务,3.4027494215325986,-0.03316326530612246,0.1841861798110213,0.027913921474101433,0.8345,1.161484,0.0
600018.SH,2026-03-31,G55水上运输业,1.1817229994020482,-0.019267822736030893,0.11308494601890103,0.021236326673038763,0.1872,3.004437,0.0
600019.SH,2026-03-31,C31黑色金属冶炼和压延加工业,1.4628694476790114,-0.10724233983286902,0.06760505639850423,0.11037223028670318,0.3233,0.447946,0.0
600023.SH,2026-03-31,D44电力、热力生产和供应业,1.031003300241564,0.005555555555555536,0.10009147359772096,0.005617628801986241,0.5907,0.904233,0.0
600025.SH,2026-03-31,D44电力、热力生产和供应业,0.3720888697056405,0.010193679918450549,0.04663675975628189,0.04336441162576765,0.1354,7.072827,0.0
600026.SH,2026-03-31,G55水上运输业,0.38595449828037975,-0.11646586345381527,0.033578539498738215,0.03312826101468114,2.7554,5.032377,0.0
600027.SH,2026-03-31,D44电力、热力生产和供应业,0.8806165724994013,-0.08720930232558144,0.11099201667721645,0.0190525572569612,2.5083,0.434016,0.0
600028.SH,2026-03-31,B07石油和天然气开采业,1.1677563779933975,-0.24808184143222511,0.04473575173017757,0.23798083133121495,0.1832,0.255441,0.0
600029.SH,2026-03-31,G56航空运输业,0.34751785372973537,-0.16666666666666663,0.008370512078799599,0.17200474495848173,0.7688,0.561755,0.0
600030.SH,2026-03-31,J67资本市场服务,0.7905694550841917,-0.10298507462686568,0.08441562607524404,0.08984878562850773,0.8397,4.759721,0.0
600031.SH,2026-03-31,C35专用设备制造业,0.4998145687949771,-0.13384407390716546,0.047576262965423714,0.13854872628562853,1.4514,1.970223,0.0
600036.SH,2026-03-31,J66货币金融服务,1.104647694710726,0.0035732516590096797,0.15144642696231028,0.0017898121685637758,0.3214,2.937927,0.0
600039.SH,2026-03-31,E48土木工程建筑业,0.568042066923308,0.0,0.08835487204226544,0.04136504653567741,0.1826,0.805994,0.0
600048.SH,2026-03-31,K70房地产业,2.768411319480203,-0.12874251497005984,0.014721517470466428,0.10361688682935644,0.6863,0.226003,0.0
600050.SH,2026-03-31,I63电信、广播电视和卫星传输服务,1.21178191318552,-0.08997955010224934,0.06559965331895214,0.0701557615559939,0.4769,0.354713,0.0
600061.SH,2026-03-31,J67资本市场服务,1.2111244200227933,-0.05842391304347838,0.07823769283928733,0.0656913549039434,0.4682,2.830604,0.0
600066.SH,2026-03-31,C36汽车制造业,0.1965187489695048,0.21107733873691314,0.06996286441119917,0.09463898257252956,1.5107,1.916466,0.0
600085.SH,2026-03-31,C27医药制造业,0.35844683552380197,-0.08558262014483209,0.031217630244089717,0.05691129147350338,0.6445,2.207872,0.0
600089.SH,2026-03-31,C38电气机械和器材制造业,0.5138962690103077,-0.1071428571428571,0.03972743483687637,0.03664127874931089,3.7849,1.359579,0.0
600104.SH,2026-03-31,C36汽车制造业,1.7620462290448653,0.03622159090909083,0.017051519751653484,0.0,0.5731,0.251789,0.0
600111.SH,2026-03-31,C32有色金属冶炼和压延加工业,0.1385723665083893,-0.1427544048903272,0.012417084452924927,0.189746060577635,1.9989,4.133668,0.0
600115.SH,2026-03-31,G56航空运输业,0.13520412578093902,-0.21586715867158668,100000000.0,0.2326135701548403,0.9153,0.670803,0.0
600150.SH,2026-03-31,C37铁路、船舶、航空航天和其他运输设备制造业,0.6081149288566345,-0.17913228639872236,0.02908065239768234,0.155699734150464,1.0974,2.444603,0.0
600160.SH,2026-03-31,C26化学原料和化学制品制造业,0.22164181618623588,-0.1897983392645315,0.042945588068753655,0.16634966897571246,0.5748,3.421043,0.0
600161.SH,2026-03-31,C27医药制造业,0.39276834915535164,-0.0526645768025078,0.03650963774115163,0.05731883212165667,0.3622,4.844019,0.0
600000.SH,2026-04-01,J66货币金融服务,2.1609473593223267,0.06666666666666665,0.14665515521468334,0.05280528052805278,0.1724,1.960473,0.0
600009.SH,2026-04-01,G56航空运输业,0.600934091952531,-0.04125468803273091,0.033818678719102664,0.04625826201414629,0.3439,5.427557,0.0
600010.SH,2026-04-01,C31黑色金属冶炼和压延加工业,0.437230338188922,-0.1488673139158576,0.008510239439246026,0.16824715887709796,4.5522,1.79641,0.0
600011.SH,2026-04-01,D44电力、热力生产和供应业,0.5858625507869599,-0.044654939106901215,0.13001664343052555,0.036074227559765415,0.7979,0.483359,0.0
600015.SH,2026-04-01,J66货币金融服务,2.6882948951968233,0.09333333333333327,0.23158360341771084,0.06547818012999063,0.5391,1.277849,0.0
600016.SH,2026-04-01,J66货币金融服务,3.4117582837491134,-0.015625,0.1846734345786971,0.01014819587628868,0.7588,1.158419,0.0
600018.SH,2026-04-01,G55水上运输业,1.201230059581011,-0.001980198019801982,0.11560959610515895,0.01937902528116897,0.323,2.962044,0.0
600019.SH,2026-04-01,C31黑色金属冶炼和压延加工业,1.4470670122262692,-0.08732394366197171,0.06687475862391809,0.09666973805449519,0.3614,0.452837,0.0
600023.SH,2026-04-01,D44电力、热力生产和供应业,1.0234639341544243,0.01109057301293892,0.09935954822405738,0.018350101143610464,0.5552,0.910894,0.0
600025.SH,2026-04-01,D44电力、热力生产和供应业,0.37397563399154293,-0.014000000000000012,0.04687325397128957,0.022168132942326557,0.1287,7.037142,0.0
600026.SH,2026-04-01,G55水上运输业,0.3590273661429295,-0.005884825556956685,0.031235850159877575,0.060439690826778025,3.2901,5.409805,0.0
600027.SH,2026-04-01,D44电力、热力生产和供应业,0.876892992748095,-0.0779727095516568,0.11052270053376939,0.05094073427891399,1.157,0.435859,0.0
600028.SH,2026-04-01,B07石油和天然气开采业,1.1657742664656872,-0.2040540540540542,0.04465979995446487,0.19898648648648654,0.1781,0.255876,0.0
600029.SH,2026-04-01,G56航空运输业,0.331108943451228,-0.10960960960960964,0.00797527708764382,0.13912349849849848,1.1829,0.589594,0.0
600030.SH,2026-04-01,J67资本市场服务,0.7754095907310639,-0.06235654169854621,0.08279688541300204,0.05627381663771902,0.9621,4.852778,0.0
600031.SH,2026-04-01,C35专用设备制造业,0.47322358962807465,-0.07769195820081787,0.045045112003995316,0.10658197340608899,1.5389,2.080932,0.0
600036.SH,2026-04-01,J66货币金融服务,1.0907778009265068,0.031606217616580334,0.14954480803605943,0.017342335803029574,0.4273,2.975286,0.0
600039.SH,2026-04-01,E48土木工程建筑业,0.604670596622431,-0.06706114398422092,0.09405217789104169,0.021652465881294658,0.4319,0.75717,0.0
600048.SH,2026-04-01,K70房地产业,2.735506602145184,-0.1062215477996965,0.014546559026008956,0.08625482566991283,0.5806,0.228721,0.0
600050.SH,2026-04-01,I63电信、广播电视和卫星传输服务,1.203667816570654,-0.07628865979381427,0.06516036748362129,0.060904044409199054,0.3676,0.357105,0.0
600061.SH,2026-04-01,J67资本市场服务,1.1973036721303625,-0.0236768802228412,0.077344826362025,0.03814866025178476,0.3568,2.863281,0.0
600066.SH,2026-04-01,C36汽车制造业,0.18923634995629585,0.26709765226267446,0.0673702546582152,0.1148699294903972,4.12,1.990218,0.0
600085.SH,2026-04-01,C27医药制造业,0.34744082040506036,-0.03534163581285765,0.030259098676463998,0.0374395379107596,0.884,2.277812,0.0
600089.SH,2026-04-01,C38电气机械和器材制造业,0.5085231014417139,-0.13249109167476514,0.0393120624935995,0.0533989321149303,2.5522,1.373944,0.0
600104.SH,2026-04-01,C36汽车制造业,1.73469865682283,0.0786026200873362,0.01678688735939828,0.05653365457009474,0.6214,0.255758,0.0
600111.SH,2026-04-01,C32有色金属冶炼和压延加工业,0.13628569952791997,-0.13428571428571434,0.0122121820717156,0.1480874708729163,1.8539,4.203024,0.0
600115.SH,2026-04-01,G56航空运输业,0.12656773120254025,-0.1319311663479924,100000000.0,0.1684608467132892,1.8141,0.716576,0.0
600150.SH,2026-04-01,C37铁路、船舶、航空航天和其他运输设备制造业,0.6040022396403045,-0.19476141078838172,0.02888397129649576,0.16964367138492797,0.7626,2.461249,0.0
600160.SH,2026-04-01,C26化学原料和化学制品制造业,0.21700310466341843,-0.1465622706141423,0.042046783606059984,0.136908664708407,0.5826,3.494172,0.0
600161.SH,2026-04-01,C27医药制造业,0.3861243884272343,-0.013478818998716391,0.03589203847109679,0.030013210533108015,0.4667,4.92737,0.0
600000.SH,2026-04-02,J66货币金融服务,2.158838717477095,0.04805725971370145,0.14651207493916818,0.02917057979322446,0.125,1.962388,0.0
600009.SH,2026-04-02,G56航空运输业,0.6061068905867963,-0.05105513955071472,0.034109800881649666,0.06156619428068921,0.2979,5.381234,0.0
600010.SH,2026-04-02,C31黑色金属冶炼和压延加工业,0.43889910060796306,-0.1548387096774193,0.008542721269166812,0.20283870967741935,3.5181,1.78958,0.0
600011.SH,2026-04-02,D44电力、热力生产和供应业,0.5883626573281746,-0.06016042780748665,0.13057146822784876,0.006240634609512075,0.6338,0.481305,0.0
600015.SH,2026-04-02,J66货币金融服务,2.6488101544786082,0.09502923976608191,0.2281825533445173,0.04747679221363432,0.6151,1.296895,0.0
600016.SH,2026-04-02,J66货币金融服务,3.4298963485323477,-0.030927835051546393,0.1856557537595754,0.010094501718213023,0.5544,1.15229,0.0
600018.SH,2026-04-02,G55水上运输业,1.1917715326301086,-0.0019646365422396617,0.11469927398800543,0.005847863457760338,0.2345,2.985552,0.0
600019.SH,2026-04-02,C31黑色金属冶炼和压延加工业,1.4560555164847324,-0.0955056179775281,0.06729012764331603,0.11610783667800362,0.2702,0.450042,0.0
600023.SH,2026-04-02,D44电力、热力生产和供应业,1.016034033075972,0.0036429872495444826,0.09863823991502907,0.030144754033996857,0.5541,0.917555,0.0
600025.SH,2026-04-02,D44电力、热力生产和供应业,0.37321858106027667,-0.02178217821782169,0.04677836904596733,0.016192505326481976,0.1056,7.051416,0.0
600026.SH,2026-04-02,G55水上运输业,0.34985573698685346,-0.02842273819055252,0.030437901567235373,0.043903909738669644,3.4754,5.551627,0.0
600027.SH,2026-04-02,D44电力、热力生产和供应业,0.8881594139568924,-0.10019267822736044,0.11194269608610274,0.023634713892714654,1.2128,0.43033,0.0
600028.SH,2026-04-02,B07石油和天然气开采业,1.1540188128146864,-0.15362731152204834,0.04420944862904068,0.1655320734268102,0.2165,0.258482,0.0
600029.SH,2026-04-02,G56航空运输业,0.3420689768409041,-0.12499999999999989,0.008239267131030664,0.13378734622144106,0.9553,0.570703,0.0
600030.SH,2026-04-02,J67资本市场服务,0.7876204960906457,-0.07935902327355981,0.08410077392055185,0.07935902327355981,0.6477,4.777541,0.0
600031.SH,2026-04-02,C35专用设备制造业,0.4786466171171688,-0.0910326086956521,0.04556132255589361,0.13308868346200708,0.8103,2.057355,0.0
600036.SH,2026-04-02,J66货币金融服务,1.0924233883477752,0.015581098339719102,0.14977046179026024,0.010525486610700074,0.2592,2.970803,0.0
600039.SH,2026-04-02,E48土木工程建筑业,0.595852745719245,-0.08045977011494254,0.09268057907196527,0.04917823631070439,0.2643,0.768375,0.0
600048.SH,2026-04-02,K70房地产业,2.82669531051248,-0.13242009132420096,0.015031444202970973,0.10180784642624185,1.0514,0.221343,0.0
600050.SH,2026-04-02,I63电信、广播电视和卫星传输服务,1.2172528550665715,-0.10505050505050517,0.06589581305252404,0.09168747609727568,0.3916,0.353119,0.0
600061.SH,2026-04-02,J67资本市场服务,1.2076390415210456,-0.03606102635228847,0.07801254613369432,0.055122609930001065,0.2788,2.838773,0.0
600066.SH,2026-04-02,C36汽车制造业,0.18423952464728724,0.23069498069498073,0.06559132746220989,0.06097021005277892,2.3488,2.044195,0.0
600085.SH,2026-04-02,C27医药制造业,0.3528580265144578,-0.05047106325706596,0.030730891854119473,0.0462367654447865,0.5615,2.242842,0.0
600089.SH,2026-04-02,C38电气机械和器材制造业,0.5203763778265544,-0.20164734594264788,0.04022839267658203,0.12572926684660268,2.8514,1.342648,0.0
600104.SH,2026-04-02,C36汽车制造业,1.8165172278493888,0.012022630834511938,0.061434401114420036,0.014810087280504924,0.9342,0.250665,0.0
600111.SH,2026-04-02,C32有色金属冶炼和压延加工业,0.13886360414096824,-0.14084507042253525,0.012443181787780862,0.17049233291983024,1.2365,4.124998,0.0
600115.SH,2026-04-02,G56航空运输业,0.1314914190672288,-0.1414538310412573,100000000.0,0.15537494473035263,1.4103,0.689744,0.0
600150.SH,2026-04-02,C37铁路、船舶、航空航天和其他运输设备制造业,0.6069342235035279,-0.20278637770897834,0.02902418512786242,0.21028556258018793,0.6371,2.449359,0.0
600160.SH,2026-04-02,C26化学原料和化学制品制造业,0.22526987330822326,-0.1913357400722021,0.04364856618824928,0.15657561367174244,0.802,3.365946,0.0
600161.SH,2026-04-02,C27医药制造业,0.3891625999174975,-0.02493606138107418,0.03617446757604696,0.04432108811904201,0.4235,4.8889,0.0
600000.SH,2026-04-03,J66货币金融服务,2.1865713904626127,0.02325581395348819,0.14839415267680792,0.013275774033328469,0.1236,1.937499,0.0
600009.SH,2026-04-03,G56航空运输业,0.6102658928495145,-0.06736274840013468,0.03434385195079776,0.06700173756980987,0.1861,5.344561,0.0
600010.SH,2026-04-03,C31黑色金属冶炼和压延加工业,0.43229914409092457,-0.130718954248366,0.00841425929519438,0.17385620915032685,4.5489,1.816902,0.0
600011.SH,2026-04-03,D44电力、热力生产和供应业,0.6003179283748673,-0.09461235216819985,0.1332245865441569,0.014505543089428086,0.7064,0.47172,0.0
600015.SH,2026-04-03,J66货币金融服务,2.681029837181058,0.07871720116618075,0.23095771002659016,0.042302635339850125,0.5376,1.281312,0.0
600016.SH,2026-04-03,J66货币金融服务,3.4574918662503844,-0.03865979381443296,0.18714896702191908,0.012550133240020411,0.5487,1.143096,0.0
600018.SH,2026-04-03,G55水上运输业,1.2060151210175873,-0.021442495126705707,0.11607018392597415,0.013537356786784804,0.1931,2.95029,0.0
600019.SH,2026-04-03,C31黑色金属冶炼和压延加工业,1.4651563834665893,-0.09859154929577452,0.06771069333312388,0.09392591943574347,0.2121,0.447247,0.0
600023.SH,2026-04-03,D44电力、热力生产和供应业,1.0348142560151166,-0.012773722627737238,0.10046150003887859,0.039765681925677754,0.4475,0.900902,0.0
600025.SH,2026-04-03,D44电力、热力生产和供应业,0.3797527961198378,-0.05728155339805818,0.04759735229256455,0.012990214815381096,0.1102,6.930086,0.0
600026.SH,2026-04-03,G55水上运输业,0.3416900468081195,-0.01545166402535647,0.02972747927920375,0.06441747238331341,2.6668,5.684299,0.0
600027.SH,2026-04-03,D44电力、热力生产和供应业,0.9115836760887955,-0.13001912045889108,0.11489502558539877,0.02217598320398917,1.2472,0.419272,0.0
600028.SH,2026-04-03,B07石油和天然气开采业,1.1717422635717047,-0.1482558139534883,0.04488843495708419,0.14147615293653915,0.1672,0.254572,0.0
600029.SH,2026-04-03,G56航空运输业,0.34629132380939853,-0.14479638009049778,0.008340967195034408,0.12917138009049778,0.4942,0.563745,0.0
600030.SH,2026-04-03,J67资本市场服务,0.7925475171863929,-0.09269769201664768,0.08462684048568359,0.08115605970007711,0.5833,4.747842,0.0
600031.SH,2026-04-03,C35专用设备制造业,0.48322134678621564,-0.097594189741262,0.045996767899113264,0.13517247784147068,0.5869,2.037878,0.0
600036.SH,2026-04-03,J66货币金融服务,1.1024045648368221,0.005102040816326481,0.15113893007844564,0.006116239599287865,0.2252,2.943904,0.0
600039.SH,2026-04-03,E48土木工程建筑业,0.5996001865955781,-0.09829867674858228,0.09326347650240699,0.05805722805642932,0.1935,0.763573,0.0
600048.SH,2026-04-03,K70房地产业,2.924164712349917,-0.15620214395099552,0.015549769969920368,0.09168601491873751,1.0328,0.213965,0.0
600050.SH,2026-04-03,I63电信、广播电视和卫星传输服务,1.2090655736713882,-0.10261569416498995,0.06545256521693599,0.09593417968837514,0.4597,0.35551,0.0
600061.SH,2026-04-03,J67资本市场服务,1.2610435892327054,-0.07692307692307698,0.07632030502478387,0.05366726296958857,0.5911,3.172386,0.0
600066.SH,2026-04-03,C36汽车制造业,0.1896947924606184,0.22003284072249585,0.06753346772943634,0.0648711491802072,1.4031,1.985408,0.0
600085.SH,2026-04-03,C27医药制造业,0.3578028756617117,-0.07295136575616257,0.03116154406198704,0.05703906023989658,0.516,2.211846,0.0
600089.SH,2026-04-03,C38电气机械和器材制造业,0.5340488163342035,-0.20881166614955005,0.041285373876010854,0.11146653340618717,2.8665,1.308274,0.0
600104.SH,2026-04-03,C36汽车制造业,1.8461902018993603,-0.005649717514124353,0.062437944487922066,0.0165725047080979,0.3824,0.246636,0.0
600111.SH,2026-04-03,C32有色金属冶炼和压延加工业,0.1387761140217859,-0.1232044198895027,0.012435341045259306,0.13039714254657897,1.1697,4.127599,0.0
600115.SH,2026-04-03,G56航空运输业,0.1339434726399026,-0.162109375,100000000.0,0.14831627155172422,0.9203,0.677117,0.0
600150.SH,2026-04-03,C37铁路、船舶、航空航天和其他运输设备制造业,0.6146923771998304,-0.2162856408939121,0.029395191869619156,0.20558525178885378,0.4845,2.418445,0.0
600160.SH,2026-04-03,C26化学原料和化学制品制造业,0.2247348073090052,-0.21253214870236148,0.043544886439072936,0.17399375304149933,0.636,3.37396,0.0
600161.SH,2026-04-03,C27医药制造业,0.40018408467895233,-0.06612090680100757,0.037198964127885724,0.047590132479366276,0.5095,4.754255,0.0
