trade_date,stock_code,market_id,universe_id,model_count,models,total_score,stock_score,selection_signal,time_regime_score,cluster_label,top_factor_1,top_factor_1_score,top_factor_2,top_factor_2_score,top_factor_3,top_factor_3_score
2025-10-27,600016.SH,cn_a,SIZE_LARGE,3,"cp,pca,tucker",0.6772683911558509,0.6772683911558509,0.6772683911558509,0.0,0,value_factor,0.5263925194740295,quality_factor,0.38376909494400024,momentum_factor,0.07757837325334549
2025-10-27,600118.SH,cn_a,SIZE_LARGE,3,"cp,pca,tucker",0.29719664433998744,0.29719664433998744,0.29719664433998744,0.0,0,momentum_factor,0.552139163017273,volatility_factor,0.24354054033756256,quality_factor,0.12247412651777267
2025-10-27,600000.SH,cn_a,SIZE_LARGE,3,"cp,pca,tucker",0.28338174447175984,0.28338174447175984,0.28338174447175984,0.0,0,value_factor,0.4964730739593506,quality_factor,0.4049861431121826,momentum_factor,0.0788140743970871
2025-10-27,600089.SH,cn_a,SIZE_LARGE,3,"cp,pca,tucker",0.26079027494138884,0.26079027494138884,0.26079027494138884,0.0,0,volatility_factor,0.41010913252830505,momentum_factor,0.3620392382144928,quality_factor,0.1317628175020218
2025-10-27,600036.SH,cn_a,SIZE_LARGE,3,"cp,pca,tucker",0.07762478521051522,0.07762478521051522,0.07762478521051522,0.0,1,quality_factor,0.6905336380004883,volatility_factor,0.14051079750061035,momentum_factor,0.08631686121225357
2025-10-28,600016.SH,cn_a,SIZE_LARGE,3,"cp,pca,tucker",0.767986903467412,0.6511024126769608,0.767986903467412,0.2919195120533307,0,value_factor,0.5193512439727783,quality_factor,0.38876232504844666,momentum_factor,0.07786919176578522
2025-10-28,600000.SH,cn_a,SIZE_LARGE,3,"cp,pca,tucker",0.35484956812600604,0.30068512441204165,0.35484956812600604,0.2919195120533307,0,value_factor,0.4848474860191345,quality_factor,0.413230299949646,momentum_factor,0.07929422706365585
2025-10-28,600089.SH,cn_a,SIZE_LARGE,3,"cp,pca,tucker",0.3262069820751372,0.25508268468518286,0.3262069820751372,0.2919195120533307,0,volatility_factor,0.4123625159263611,momentum_factor,0.36393505334854126,quality_factor,0.12972593307495117
2025-10-28,600118.SH,cn_a,SIZE_LARGE,3,"cp,pca,tucker",0.26715383433213036,0.2055351259898798,0.26715383433213036,0.2919195120533307,0,momentum_factor,0.7018895745277405,quality_factor,0.1972135752439499,value_factor,0.07234220951795578
2025-10-28,600036.SH,cn_a,SIZE_LARGE,3,"cp,pca,tucker",0.1416901004514722,0.1200120502834263,0.1416901004514722,0.2919195120533307,0,quality_factor,0.3524041175842285,volatility_factor,0.3202344477176666,value_factor,0.2424243986606598
2025-10-29,600016.SH,cn_a,SIZE_LARGE,3,"cp,pca,tucker",1.0865475680103758,0.635659980103659,1.0865475680103758,0.6340120732784271,0,value_factor,0.6006974577903748,quality_factor,0.31772851943969727,momentum_factor,0.07275836914777756
2025-10-29,600000.SH,cn_a,SIZE_LARGE,3,"cp,pca,tucker",0.4872016926095668,0.2765392091121485,0.4872016926095668,0.6340120732784271,0,value_factor,0.6342673897743225,quality_factor,0.2761257588863373,momentum_factor,0.06903709471225739
2025-10-29,600089.SH,cn_a,SIZE_LARGE,3,"cp,pca,tucker",0.2655542156807609,0.21754509398787425,0.2655542156807609,0.6340120732784271,0,volatility_factor,0.40101560950279236,momentum_factor,0.35438868403434753,quality_factor,0.13998264074325562
2025-10-29,600011.SH,cn_a,SIZE_LARGE,3,"cp,pca,tucker",0.08415255529343789,0.09303077247197584,0.08415255529343789,0.6340120732784271,2,momentum_factor,0.856835663318634,value_factor,0.09455794841051102,quality_factor,0.038990091532468796
2025-10-29,600036.SH,cn_a,SIZE_LARGE,3,"cp,pca,tucker",0.08075846780707745,0.03351879697548255,0.08075846780707745,0.6340120732784271,1,quality_factor,0.6863252520561218,volatility_factor,0.14031371474266052,value_factor,0.08786674588918686
2025-10-30,600016.SH,cn_a,SIZE_LARGE,3,"cp,pca,tucker",0.7395470880783582,0.6437834331187314,0.7395470880783582,0.15287238111098608,0,value_factor,0.5966169834136963,quality_factor,0.322785347700119,momentum_factor,0.0732106938958168
2025-10-30,600000.SH,cn_a,SIZE_LARGE,3,"cp,pca,tucker",0.3565915373945275,0.31196668023982416,0.3565915373945275,0.15287238111098608,0,value_factor,0.6255803108215332,quality_factor,0.2868915796279907,momentum_factor,0.0700000748038292
2025-10-30,600089.SH,cn_a,SIZE_LARGE,3,"cp,pca,tucker",0.2782462480577261,0.21796073356578213,0.2782462480577261,0.15287238111098608,0,volatility_factor,0.4019134044647217,momentum_factor,0.35514402389526367,quality_factor,0.13917110860347748
2025-10-30,600011.SH,cn_a,SIZE_LARGE,3,"cp,pca,tucker",0.1916955064820803,0.1443787585659058,0.1916955064820803,0.15287238111098608,2,momentum_factor,0.7214457988739014,volatility_factor,0.20977796614170074,value_factor,0.06450139731168747
2025-10-30,600036.SH,cn_a,SIZE_LARGE,3,"cp,pca,tucker",0.09750472118905694,0.08571184623434218,0.09750472118905694,0.15287238111098608,1,quality_factor,0.6865919232368469,volatility_factor,0.14032621681690216,value_factor,0.08753541111946106
2025-10-31,600016.SH,cn_a,SIZE_LARGE,3,"cp,pca,tucker",0.7230108982861759,0.6115667793577239,0.7230108982861759,0.25936753302812576,0,value_factor,0.6063745021820068,quality_factor,0.31069302558898926,momentum_factor,0.07212906330823898
2025-10-31,600000.SH,cn_a,SIZE_LARGE,3,"cp,pca,tucker",0.29054173781813736,0.2438389121789816,0.29054173781813736,0.25936753302812576,0,value_factor,0.6465802788734436,quality_factor,0.260866641998291,momentum_factor,0.06767219305038452
2025-10-31,600089.SH,cn_a,SIZE_LARGE,3,"cp,pca,tucker",0.2828458073883171,0.22900668419897943,0.2828458073883171,0.25936753302812576,0,volatility_factor,0.42568346858024597,momentum_factor,0.38068029284477234,quality_factor,0.11441884934902191
2025-10-31,600011.SH,cn_a,SIZE_LARGE,3,"cp,pca,tucker",0.15544752862043013,0.1263150606208216,0.15544752862043013,0.25936753302812576,2,momentum_factor,0.7849293947219849,volatility_factor,0.11491659283638,value_factor,0.06650158762931824
2025-10-31,600019.SH,cn_a,SIZE_LARGE,3,"cp,pca,tucker",0.14974750480829044,0.12210894327120216,0.14974750480829044,0.25936753302812576,1,momentum_factor,0.712975025177002,volatility_factor,0.21187762916088104,value_factor,0.07112523913383484
2025-11-03,600016.SH,cn_a,SIZE_LARGE,3,"cp,pca,tucker",0.6838313480427328,0.6168507582619281,0.6838313480427328,0.11455811591198047,0,value_factor,0.6076869368553162,quality_factor,0.3090665638446808,momentum_factor,0.07198357582092285
2025-11-03,600000.SH,cn_a,SIZE_LARGE,3,"cp,pca,tucker",0.31373970969929527,0.2858240930829925,0.31373970969929527,0.11455811591198047,0,value_factor,0.6494652032852173,quality_factor,0.2572915554046631,momentum_factor,0.06735241413116455
2025-11-03,600089.SH,cn_a,SIZE_LARGE,3,"cp,pca,tucker",0.27378997741274774,0.21392602395152707,0.27378997741274774,0.11455811591198047,0,volatility_factor,0.4110327959060669,momentum_factor,0.3676779270172119,quality_factor,0.12806086242198944
2025-11-03,600011.SH,cn_a,SIZE_LARGE,3,"cp,pca,tucker",0.2622209346998314,0.20209484040925418,0.2622209346998314,0.11455811591198047,2,momentum_factor,0.6295820474624634,volatility_factor,0.3415278494358063,value_factor,0.02771921269595623
2025-11-03,600019.SH,cn_a,SIZE_LARGE,3,"cp,pca,tucker",0.12397041952064304,0.10168917168077107,0.12397041952064304,0.11455811591198047,1,momentum_factor,0.7760449051856995,value_factor,0.11714505404233932,volatility_factor,0.09804283827543259
2025-11-04,600016.SH,cn_a,SIZE_LARGE,3,"cp,pca,tucker",0.726304610159162,0.615040836595878,0.726304610159162,0.29100375684599084,0,quality_factor,0.4305666983127594,value_factor,0.36831140518188477,volatility_factor,0.1843557357788086
2025-11-04,600011.SH,cn_a,SIZE_LARGE,3,"cp,pca,tucker",0.2816340072817623,0.2138492476550408,0.2816340072817623,0.29100375684599084,2,momentum_factor,0.6373381018638611,volatility_factor,0.332925409078598,value_factor,0.027285180985927582
2025-11-04,600000.SH,cn_a,SIZE_LARGE,3,"cp,pca,tucker",0.27287502575389233,0.23408773941704686,0.27287502575389233,0.29100375684599084,0,value_factor,0.6535357236862183,quality_factor,0.2522468864917755,momentum_factor,0.06690118461847305
2025-11-04,600089.SH,cn_a,SIZE_LARGE,3,"cp,pca,tucker",0.2196726361058614,0.17439251487068633,0.2196726361058614,0.29100375684599084,0,volatility_factor,0.408596932888031,momentum_factor,0.36551615595817566,quality_factor,0.1303289830684662
2025-11-04,600036.SH,cn_a,SIZE_LARGE,3,"cp,pca,tucker",0.19321637750808415,0.15903582462905966,0.19321637750808415,0.29100375684599084,0,momentum_factor,0.31191205978393555,quality_factor,0.2732692062854767,volatility_factor,0.2657225430011749
2025-11-05,600016.SH,cn_a,SIZE_LARGE,3,"cp,pca,tucker",0.6511254433597334,0.6045593643290226,0.6511254433597334,0.10390479117631912,0,quality_factor,0.43215349316596985,value_factor,0.3672187328338623,volatility_factor,0.1915794163942337
2025-11-05,600011.SH,cn_a,SIZE_LARGE,3,"cp,pca,tucker",0.3463589228717023,0.3056552557400574,0.3463589228717023,0.10390479117631912,2,momentum_factor,0.48708635568618774,volatility_factor,0.48587682843208313,quality_factor,0.023596856743097305
2025-11-05,600000.SH,cn_a,SIZE_LARGE,3,"cp,pca,tucker",0.23404473465098038,0.2197014976974062,0.23404473465098038,0.10390479117631912,0,value_factor,0.6540330052375793,quality_factor,0.25163063406944275,momentum_factor,0.06684605777263641
2025-11-05,600089.SH,cn_a,SIZE_LARGE,3,"cp,pca,tucker",0.1810717678926943,0.16019793105542654,0.1810717678926943,0.10390479117631912,0,volatility_factor,0.39649680256843567,momentum_factor,0.35477739572525024,quality_factor,0.1415959745645523
2025-11-05,600036.SH,cn_a,SIZE_LARGE,3,"cp,pca,tucker",0.13973456018278682,0.12861364203275402,0.13973456018278682,0.10390479117631912,0,volatility_factor,0.355368971824646,momentum_factor,0.27574455738067627,quality_factor,0.25206780433654785
2025-11-06,600016.SH,cn_a,SIZE_LARGE,3,"cp,pca,tucker",0.7576367654895079,0.6248617001523712,0.7576367654895079,0.2569950744509697,0,quality_factor,0.4320148229598999,value_factor,0.36412379145622253,volatility_factor,0.1904788613319397
2025-11-06,600011.SH,cn_a,SIZE_LARGE,3,"cp,pca,tucker",0.4122881719770779,0.29101349103215307,0.4122881719770779,0.2569950744509697,2,volatility_factor,0.4907887279987335,momentum_factor,0.47961199283599854,quality_factor,0.02948211133480072
2025-11-06,600000.SH,cn_a,SIZE_LARGE,3,"cp,pca,tucker",0.284048055479936,0.24087970603702025,0.284048055479936,0.2569950744509697,0,value_factor,0.6521844863891602,quality_factor,0.2539214789867401,momentum_factor,0.06705097109079361
2025-11-06,600036.SH,cn_a,SIZE_LARGE,3,"cp,pca,tucker",0.18433800841259437,0.14667365205279737,0.18433800841259437,0.2569950744509697,0,quality_factor,0.28627440333366394,volatility_factor,0.28125742077827454,momentum_factor,0.26801633834838867
2025-11-06,600089.SH,cn_a,SIZE_LARGE,3,"cp,pca,tucker",0.05429554628922034,0.0303891510907888,0.05429554628922034,0.2569950744509697,0,momentum_factor,0.46419671177864075,value_factor,0.18873745203018188,volatility_factor,0.18443621695041656
2025-11-07,600016.SH,cn_a,SIZE_LARGE,3,"cp,pca,tucker",0.709689985340051,0.6318934648777083,0.709689985340051,0.1763454886774222,0,quality_factor,0.4435620903968811,value_factor,0.38094019889831543,volatility_factor,0.16107851266860962
2025-11-07,600011.SH,cn_a,SIZE_LARGE,3,"cp,pca,tucker",0.31941624398923,0.2587023225920249,0.31941624398923,0.1763454886774222,2,momentum_factor,0.5098521113395691,volatility_factor,0.45863837003707886,quality_factor,0.024427978321909904
2025-11-07,600000.SH,cn_a,SIZE_LARGE,3,"cp,pca,tucker",0.30177346978739467,0.27005368085759074,0.30177346978739467,0.1763454886774222,0,value_factor,0.6512035727500916,quality_factor,0.2551370859146118,momentum_factor,0.06715970486402512
2025-11-07,600036.SH,cn_a,SIZE_LARGE,3,"cp,pca,tucker",0.17196451998043696,0.1499312977381768,0.17196451998043696,0.1763454886774222,0,volatility_factor,0.2964458465576172,momentum_factor,0.2933868169784546,quality_factor,0.2685735821723938
2025-11-07,600018.SH,cn_a,SIZE_LARGE,3,"cp,pca,tucker",-0.005800406054672534,0.0016033585575604091,-0.005800406054672534,0.1763454886774222,1,quality_factor,0.7014710903167725,volatility_factor,0.1410229504108429,momentum_factor,0.08845466375350952
2025-11-10,600016.SH,cn_a,SIZE_LARGE,3,"cp,pca,tucker",0.9280381689449583,0.611230822025759,0.9280381689449583,0.49954159806172055,0,quality_factor,0.4320290982723236,value_factor,0.3641127049922943,volatility_factor,0.19070608913898468
2025-11-10,600011.SH,cn_a,SIZE_LARGE,3,"cp,pca,tucker",0.612441564052557,0.2830426856763643,0.612441564052557,0.49954159806172055,2,momentum_factor,0.49459221959114075,volatility_factor,0.474304735660553,quality_factor,0.02724246121942997
2025-11-10,600000.SH,cn_a,SIZE_LARGE,3,"cp,pca,tucker",0.5250406515990715,0.3319180911314576,0.5250406515990715,0.49954159806172055,0,volatility_factor,0.2787332534790039,momentum_factor,0.26834648847579956,value_factor,0.26733317971229553
2025-11-10,600036.SH,cn_a,SIZE_LARGE,3,"cp,pca,tucker",0.3804915646384821,0.21420384737491363,0.3804915646384821,0.49954159806172055,0,momentum_factor,0.42324182391166687,quality_factor,0.3045519292354584,value_factor,0.20214009284973145
2025-11-10,600089.SH,cn_a,SIZE_LARGE,3,"cp,pca,tucker",0.288669539267107,0.11130029890048816,0.288669539267107,0.49954159806172055,0,momentum_factor,0.36992233991622925,volatility_factor,0.34335434436798096,quality_factor,0.15414384007453918
2025-11-11,600016.SH,cn_a,SIZE_LARGE,3,"cp,pca,tucker",0.6622630065798311,0.6047001769296457,0.6622630065798311,0.08567486703395844,0,quality_factor,0.4273412227630615,value_factor,0.3699544370174408,volatility_factor,0.17170032858848572
2025-11-11,600000.SH,cn_a,SIZE_LARGE,3,"cp,pca,tucker",0.33993860203546594,0.3083392336797477,0.33993860203546594,0.08567486703395844,0,momentum_factor,0.3166176974773407,volatility_factor,0.26015302538871765,value_factor,0.2546251118183136
2025-11-11,600011.SH,cn_a,SIZE_LARGE,3,"cp,pca,tucker",0.28068658439667654,0.22627663226921457,0.28068658439667654,0.08567486703395844,2,momentum_factor,0.5093650221824646,volatility_factor,0.461430162191391,quality_factor,0.023135770112276077
2025-11-11,600036.SH,cn_a,SIZE_LARGE,3,"cp,pca,tucker",0.20386256524684745,0.17852256679187392,0.20386256524684745,0.08567486703395844,0,quality_factor,0.3476816713809967,momentum_factor,0.3056935966014862,value_factor,0.25238603353500366
2025-11-11,600089.SH,cn_a,SIZE_LARGE,3,"cp,pca,tucker",0.13242575012553362,0.09823072590142186,0.13242575012553362,0.08567486703395844,0,momentum_factor,0.38930845260620117,volatility_factor,0.32094448804855347,quality_factor,0.15172924101352692
2025-11-12,600016.SH,cn_a,SIZE_LARGE,3,"cp,pca,tucker",0.6438988454291251,0.5990569898605406,0.6438988454291251,0.07393479502449433,0,quality_factor,0.42077210545539856,value_factor,0.3603725731372833,volatility_factor,0.18796902894973755
2025-11-12,600000.SH,cn_a,SIZE_LARGE,3,"cp,pca,tucker",0.33673633848664686,0.3113403599141449,0.33673633848664686,0.07393479502449433,0,momentum_factor,0.33209922909736633,volatility_factor,0.2782311737537384,value_factor,0.24156633019447327
2025-11-12,600011.SH,cn_a,SIZE_LARGE,3,"cp,pca,tucker",0.216711128255904,0.18067106259225504,0.216711128255904,0.07393479502449433,2,momentum_factor,0.5080195665359497,volatility_factor,0.4624482989311218,quality_factor,0.02279207482933998
2025-11-12,600089.SH,cn_a,SIZE_LARGE,3,"cp,pca,tucker",0.1969704982040462,0.16144559257702715,0.1969704982040462,0.07393479502449433,0,volatility_factor,0.3950574994087219,momentum_factor,0.35350000858306885,quality_factor,0.14293624460697174
2025-11-12,600036.SH,cn_a,SIZE_LARGE,3,"cp,pca,tucker",0.1571252087772692,0.14252156493475643,0.1571252087772692,0.07393479502449433,0,quality_factor,0.32721883058547974,volatility_factor,0.2337089627981186,momentum_factor,0.22197261452674866
2025-11-13,600016.SH,cn_a,SIZE_LARGE,3,"cp,pca,tucker",0.6363709806006418,0.5983532103488128,0.6363709806006418,0.14129590056836605,0,value_factor,0.6123006343841553,quality_factor,0.3033488988876343,momentum_factor,0.07147213816642761
2025-11-13,600000.SH,cn_a,SIZE_LARGE,3,"cp,pca,tucker",0.39442608366797477,0.3715138569739324,0.39442608366797477,0.14129590056836605,0,volatility_factor,0.3659447431564331,momentum_factor,0.2897379398345947,value_factor,0.22608515620231628
2025-11-13,600019.SH,cn_a,SIZE_LARGE,3,"cp,pca,tucker",0.206028881751155,0.19041886717295506,0.206028881751155,0.14129590056836605,1,momentum_factor,0.4502321183681488,volatility_factor,0.44867873191833496,quality_factor,0.06141991168260574
2025-11-13,600011.SH,cn_a,SIZE_LARGE,3,"cp,pca,tucker",0.17608577312075083,0.16738067327546144,0.17608577312075083,0.14129590056836605,2,volatility_factor,0.5266095995903015,momentum_factor,0.43351906538009644,quality_factor,0.02994368225336075
2025-11-13,600089.SH,cn_a,SIZE_LARGE,3,"cp,pca,tucker",0.1340819815105314,0.14125978714884085,0.1340819815105314,0.14129590056836605,0,volatility_factor,0.3926231861114502,momentum_factor,0.35133954882621765,quality_factor,0.14520297944545746
2025-11-14,600016.SH,cn_a,SIZE_LARGE,3,"cp,pca,tucker",0.6903560995632742,0.6109601989933402,0.6903560995632742,0.13938713011642298,0,quality_factor,0.43420809507369995,value_factor,0.37042203545570374,volatility_factor,0.18572385609149933
2025-11-14,600000.SH,cn_a,SIZE_LARGE,3,"cp,pca,tucker",0.4202539441962317,0.36404383951270963,0.4202539441962317,0.13938713011642298,0,volatility_factor,0.3535238206386566,momentum_factor,0.294224351644516,value_factor,0.22891564667224884
2025-11-14,600089.SH,cn_a,SIZE_LARGE,3,"cp,pca,tucker",0.20351783829739434,0.15176647236690924,0.20351783829739434,0.13938713011642298,0,volatility_factor,0.39874503016471863,momentum_factor,0.35677266120910645,quality_factor,0.13950258493423462
2025-11-14,600019.SH,cn_a,SIZE_LARGE,3,"cp,pca,tucker",0.17924441448742137,0.14552731535612304,0.17924441448742137,0.13938713011642298,1,momentum_factor,0.48016247153282166,volatility_factor,0.4054078459739685,quality_factor,0.05976562201976776
2025-11-14,600011.SH,cn_a,SIZE_LARGE,3,"cp,pca,tucker",0.17874741172095457,0.13475630603449482,0.17874741172095457,0.13938713011642298,2,volatility_factor,0.5685036778450012,momentum_factor,0.3766118288040161,value_factor,0.02827518619596958
2025-11-17,600016.SH,cn_a,SIZE_LARGE,3,"cp,pca,tucker",0.6554233949427152,0.5958490995308304,0.6554233949427152,0.13865801878273487,0,quality_factor,0.4296930432319641,value_factor,0.36743903160095215,volatility_factor,0.18507134914398193
2025-11-17,600000.SH,cn_a,SIZE_LARGE,3,"cp,pca,tucker",0.3423850870663738,0.3097567043859368,0.3423850870663738,0.13865801878273487,0,momentum_factor,0.3244493901729584,volatility_factor,0.2687114477157593,value_factor,0.24841538071632385
2025-11-17,600089.SH,cn_a,SIZE_LARGE,3,"cp,pca,tucker",0.17186748489975043,0.1467024032274581,0.17186748489975043,0.13865801878273487,0,volatility_factor,0.4011613130569458,momentum_factor,0.35891708731651306,quality_factor,0.13725268840789795
2025-11-17,600036.SH,cn_a,SIZE_LARGE,3,"cp,pca,tucker",0.1592198458240578,0.14223596958002085,0.1592198458240578,0.13865801878273487,0,quality_factor,0.33896002173423767,volatility_factor,0.24082216620445251,value_factor,0.23121686279773712
2025-11-17,600011.SH,cn_a,SIZE_LARGE,3,"cp,pca,tucker",0.15838501862060952,0.13121999389279446,0.15838501862060952,0.13865801878273487,2,volatility_factor,0.5966464281082153,momentum_factor,0.33744993805885315,value_factor,0.038409944623708725
2025-11-18,600016.SH,cn_a,SIZE_LARGE,3,"cp,pca,tucker",0.6621297233764876,0.5952985120810902,0.6621297233764876,0.17168821021914482,0,quality_factor,0.4303746819496155,value_factor,0.36811214685440063,volatility_factor,0.1845403015613556
2025-11-18,600000.SH,cn_a,SIZE_LARGE,3,"cp,pca,tucker",0.3431282220473153,0.30694732242270106,0.3431282220473153,0.17168821021914482,0,momentum_factor,0.3226682245731354,volatility_factor,0.27929630875587463,value_factor,0.24514150619506836
2025-11-18,600089.SH,cn_a,SIZE_LARGE,3,"cp,pca,tucker",0.17816547857256868,0.14706217737036864,0.17816547857256868,0.17168821021914482,0,volatility_factor,0.4034231901168823,momentum_factor,0.36092451214790344,quality_factor,0.13514648377895355
2025-11-18,600019.SH,cn_a,SIZE_LARGE,3,"cp,pca,tucker",0.13655634563052851,0.1125055641198518,0.13655634563052851,0.17168821021914482,1,volatility_factor,0.47595709562301636,momentum_factor,0.4085330665111542,quality_factor,0.0704573392868042
2025-11-18,600011.SH,cn_a,SIZE_LARGE,3,"cp,pca,tucker",0.1328887739121769,0.10320683941617427,0.1328887739121769,0.17168821021914482,2,volatility_factor,0.5862041115760803,momentum_factor,0.35606351494789124,value_factor,0.04088741913437843
2025-11-19,600016.SH,cn_a,SIZE_LARGE,3,"cp,pca,tucker",0.6269945117835148,0.5833589840158324,0.6269945117835148,0.17107104696333408,0,value_factor,0.6109312772750854,quality_factor,0.30504584312438965,momentum_factor,0.07162392884492874
2025-11-19,600000.SH,cn_a,SIZE_LARGE,3,"cp,pca,tucker",0.32090475830389026,0.30081700422950536,0.32090475830389026,0.17107104696333408,0,momentum_factor,0.32087892293930054,volatility_factor,0.29218584299087524,value_factor,0.24099448323249817
2025-11-19,600019.SH,cn_a,SIZE_LARGE,3,"cp,pca,tucker",0.14697700028800295,0.12743210579725253,0.14697700028800295,0.17107104696333408,1,volatility_factor,0.6121885180473328,momentum_factor,0.294813334941864,quality_factor,0.08257875591516495
2025-11-19,600089.SH,cn_a,SIZE_LARGE,3,"cp,pca,tucker",0.1372768417136182,0.13772778106914854,0.1372768417136182,0.17107104696333408,0,volatility_factor,0.4020863473415375,momentum_factor,0.3597380816936493,quality_factor,0.13639134168624878
2025-11-19,600036.SH,cn_a,SIZE_LARGE,3,"cp,pca,tucker",0.13149013664327805,0.12065685432530315,0.13149013664327805,0.17107104696333408,0,volatility_factor,0.32184353470802307,quality_factor,0.3107779920101166,value_factor,0.19013714790344238
2025-11-20,600016.SH,cn_a,SIZE_LARGE,3,"cp,pca,tucker",0.7697082349698356,0.6452344979049088,0.7697082349698356,0.26326788154741126,0,quality_factor,0.47707149386405945,value_factor,0.4371216893196106,volatility_factor,0.06531335413455963
2025-11-20,600000.SH,cn_a,SIZE_LARGE,3,"cp,pca,tucker",0.3631901920611413,0.30473084981213466,0.3631901920611413,0.26326788154741126,0,momentum_factor,0.32304227352142334,volatility_factor,0.29287949204444885,value_factor,0.23977509140968323
2025-11-20,600089.SH,cn_a,SIZE_LARGE,3,"cp,pca,tucker",0.1979883080441506,0.14606623580347522,0.1979883080441506,0.26326788154741126,0,volatility_factor,0.40110743045806885,momentum_factor,0.3588692843914032,quality_factor,0.13730286061763763
2025-11-20,600019.SH,cn_a,SIZE_LARGE,3,"cp,pca,tucker",0.14202576468657707,0.10635971490966613,0.14202576468657707,0.26326788154741126,1,volatility_factor,0.6374865770339966,momentum_factor,0.25436994433403015,quality_factor,0.09454220533370972
2025-11-20,600036.SH,cn_a,SIZE_LARGE,3,"cp,pca,tucker",0.13034531624513063,0.10898285667188513,0.13034531624513063,0.26326788154741126,0,volatility_factor,0.34440767765045166,quality_factor,0.3216107487678528,value_factor,0.20156507194042206
2025-11-21,600016.SH,cn_a,SIZE_LARGE,3,"cp,pca,tucker",0.7592250113457079,0.5796563476775208,0.7592250113457079,0.47838665544986725,0,quality_factor,0.42755410075187683,value_factor,0.38045811653137207,volatility_factor,0.13775447010993958
2025-11-21,600000.SH,cn_a,SIZE_LARGE,3,"cp,pca,tucker",0.39547445238462764,0.3017785452636176,0.39547445238462764,0.47838665544986725,0,momentum_factor,0.31760698556900024,volatility_factor,0.2959350645542145,value_factor,0.24094946682453156
2025-11-21,600089.SH,cn_a,SIZE_LARGE,3,"cp,pca,tucker",0.2222598044941487,0.15344404747922902,0.2222598044941487,0.47838665544986725,0,volatility_factor,0.42588546872138977,momentum_factor,0.3466580808162689,quality_factor,0.1342664659023285
2025-11-21,600036.SH,cn_a,SIZE_LARGE,3,"cp,pca,tucker",0.17986455712102312,0.13148955327660264,0.17986455712102312,0.47838665544986725,0,quality_factor,0.34446215629577637,volatility_factor,0.26061198115348816,value_factor,0.2359132617712021
2025-11-21,600019.SH,cn_a,SIZE_LARGE,3,"cp,pca,tucker",0.13239779559373113,0.08672235160474455,0.13239779559373113,0.47838665544986725,1,volatility_factor,0.7947278022766113,quality_factor,0.09572054445743561,momentum_factor,0.07183080166578293
2025-11-24,600016.SH,cn_a,SIZE_LARGE,3,"cp,pca,tucker",0.612454263333435,0.552928791337687,0.612454263333435,0.22223391197621822,0,value_factor,0.5987712144851685,quality_factor,0.32011568546295166,momentum_factor,0.0729719027876854
2025-11-24,600000.SH,cn_a,SIZE_LARGE,3,"cp,pca,tucker",0.40132394360008855,0.3564611994438243,0.40132394360008855,0.22223391197621822,0,volatility_factor,0.3637782633304596,momentum_factor,0.28629449009895325,value_factor,0.22836236655712128
2025-11-24,600089.SH,cn_a,SIZE_LARGE,3,"cp,pca,tucker",0.1645805626264715,0.138669577782375,0.1645805626264715,0.22223391197621822,0,volatility_factor,0.4563005566596985,momentum_factor,0.2978680729866028,quality_factor,0.15034016966819763
2025-11-24,600036.SH,cn_a,SIZE_LARGE,3,"cp,pca,tucker",0.13831735581350682,0.12154667450011734,0.13831735581350682,0.22223391197621822,0,quality_factor,0.3308640420436859,volatility_factor,0.30868613719940186,value_factor,0.21629546582698822
2025-11-24,600028.SH,cn_a,SIZE_LARGE,3,"cp,pca,tucker",0.030176182692870628,0.022061685739224058,0.030176182692870628,0.22223391197621822,0,quality_factor,0.4464440643787384,value_factor,0.3145439624786377,volatility_factor,0.16870500147342682
2025-11-25,600016.SH,cn_a,SIZE_LARGE,3,"cp,pca,tucker",0.7394171916405033,0.6082146734753814,0.7394171916405033,0.31359727929035824,0,quality_factor,0.4335220456123352,value_factor,0.3672794997692108,volatility_factor,0.17259898781776428
2025-11-25,600000.SH,cn_a,SIZE_LARGE,3,"cp,pca,tucker",0.36876297656814333,0.30193148537881026,0.36876297656814333,0.31359727929035824,0,value_factor,0.2846025824546814,momentum_factor,0.28314316272735596,volatility_factor,0.21648402512073517
2025-11-25,600089.SH,cn_a,SIZE_LARGE,3,"cp,pca,tucker",0.2971494698300725,0.2037668907540828,0.2971494698300725,0.31359727929035824,0,volatility_factor,0.4076661467552185,momentum_factor,0.3646900951862335,quality_factor,0.13119566440582275
2025-11-25,600036.SH,cn_a,SIZE_LARGE,3,"cp,pca,tucker",0.18703116184370328,0.14685627992784,0.18703116184370328,0.31359727929035824,0,quality_factor,0.31355637311935425,momentum_factor,0.25491833686828613,volatility_factor,0.23125487565994263
2025-11-25,600019.SH,cn_a,SIZE_LARGE,3,"cp,pca,tucker",0.041291852457606755,0.03026331685093246,0.041291852457606755,0.31359727929035824,1,volatility_factor,0.6693505048751831,momentum_factor,0.20712406933307648,quality_factor,0.07212357223033905
2025-11-26,600016.SH,cn_a,SIZE_LARGE,3,"cp,pca,tucker",0.7914296759438048,0.6568739842771286,0.7914296759438048,0.3314086099465688,0,quality_factor,0.46564042568206787,value_factor,0.4164014160633087,volatility_factor,0.06057154759764671
2025-11-26,600036.SH,cn_a,SIZE_LARGE,3,"cp,pca,tucker",0.3133911945231735,0.24548581391044746,0.3133911945231735,0.3314086099465688,0,momentum_factor,0.38684967160224915,quality_factor,0.2619582712650299,value_factor,0.21112997829914093
2025-11-26,600000.SH,cn_a,SIZE_LARGE,3,"cp,pca,tucker",0.2302931369831754,0.2049997731482712,0.2302931369831754,0.3314086099465688,0,value_factor,0.6171431541442871,quality_factor,0.2973476052284241,momentum_factor,0.07093533873558044
2025-11-26,600028.SH,cn_a,SIZE_LARGE,3,"cp,pca,tucker",0.1965951836784999,0.1455399519997613,0.1965951836784999,0.3314086099465688,2,volatility_factor,0.6373367309570312,momentum_factor,0.19769328832626343,quality_factor,0.13192246854305267
2025-11-26,600019.SH,cn_a,SIZE_LARGE,3,"cp,pca,tucker",0.05476121998859968,0.040414191070319495,0.05476121998859968,0.3314086099465688,1,volatility_factor,0.8437976837158203,quality_factor,0.08379454165697098,momentum_factor,0.05622638761997223
2025-11-27,600016.SH,cn_a,SIZE_LARGE,3,"cp,pca,tucker",0.8480526905635841,0.728762563382454,0.8480526905635841,0.24615107973416647,0,quality_factor,0.4063478112220764,value_factor,0.39120611548423767,volatility_factor,0.10996568202972412
2025-11-27,600036.SH,cn_a,SIZE_LARGE,3,"cp,pca,tucker",0.2465043720483506,0.20457742156648473,0.2465043720483506,0.24615107973416647,0,momentum_factor,0.3814166784286499,quality_factor,0.347006231546402,value_factor,0.26208969950675964
2025-11-27,600028.SH,cn_a,SIZE_LARGE,3,"cp,pca,tucker",0.20989543237810993,0.16497334286305362,0.20989543237810993,0.24615107973416647,2,volatility_factor,0.5777620673179626,momentum_factor,0.2555003762245178,quality_factor,0.12271036207675934
2025-11-27,600000.SH,cn_a,SIZE_LARGE,3,"cp,pca,tucker",0.19056816673923901,0.17892210914093679,0.19056816673923901,0.24615107973416647,0,value_factor,0.6280953884124756,quality_factor,0.283774733543396,momentum_factor,0.0697212815284729
2025-11-27,600089.SH,cn_a,SIZE_LARGE,3,"cp,pca,tucker",-0.021206104762691007,-0.014433015077280323,-0.021206104762691007,0.24615107973416647,0,volatility_factor,0.5306642055511475,quality_factor,0.23397307097911835,value_factor,0.13407693803310394
2025-11-28,600016.SH,cn_a,SIZE_LARGE,3,"cp,pca,tucker",0.8808098661420364,0.7177815601012888,0.8808098661420364,0.37413844962914783,0,quality_factor,0.4385513663291931,value_factor,0.4089709520339966,momentum_factor,0.09849721938371658
2025-11-28,600036.SH,cn_a,SIZE_LARGE,3,"cp,pca,tucker",0.27418870170451015,0.2124255773706112,0.27418870170451015,0.37413844962914783,0,momentum_factor,0.37506043910980225,quality_factor,0.32900211215019226,value_factor,0.2537144124507904
2025-11-28,600000.SH,cn_a,SIZE_LARGE,3,"cp,pca,tucker",0.2219747533184759,0.19846016345511053,0.2219747533184759,0.37413844962914783,0,value_factor,0.6349321603775024,quality_factor,0.2753020226955414,momentum_factor,0.06896340847015381
2025-11-28,600028.SH,cn_a,SIZE_LARGE,3,"cp,pca,tucker",0.20938100461537512,0.15261079250991327,0.20938100461537512,0.37413844962914783,2,volatility_factor,0.5494884848594666,momentum_factor,0.29200947284698486,quality_factor,0.11285877227783203
2025-11-28,600089.SH,cn_a,SIZE_LARGE,3,"cp,pca,tucker",0.13116898679363134,0.0932973218605192,0.13116898679363134,0.37413844962914783,0,momentum_factor,0.3794742822647095,volatility_factor,0.32726946473121643,quality_factor,0.15434826910495758
2025-12-01,600016.SH,cn_a,SIZE_LARGE,3,"cp,pca,tucker",0.8483240188164648,0.6166171267612782,0.8483240188164648,0.561385820309321,0,quality_factor,0.4376058876514435,value_factor,0.37851935625076294,volatility_factor,0.09287719428539276
2025-12-01,600000.SH,cn_a,SIZE_LARGE,3,"cp,pca,tucker",0.2362040818485883,0.19820185811417826,0.2362040818485883,0.561385820309321,0,quality_factor,0.3912578821182251,value_factor,0.3022417426109314,volatility_factor,0.29724302887916565
2025-12-01,600036.SH,cn_a,SIZE_LARGE,3,"cp,pca,tucker",0.18699315694382346,0.12742349207642276,0.18699315694382346,0.561385820309321,0,volatility_factor,0.32836025953292847,quality_factor,0.2873245179653168,momentum_factor,0.22337131202220917
2025-12-01,600028.SH,cn_a,SIZE_LARGE,3,"cp,pca,tucker",0.11164984162797964,0.0643036866427376,0.11164984162797964,0.561385820309321,0,quality_factor,0.4455673396587372,value_factor,0.35078227519989014,volatility_factor,0.14858227968215942
2025-12-01,600018.SH,cn_a,SIZE_LARGE,3,"cp,pca,tucker",0.029048620191246877,0.027727075263629306,0.029048620191246877,0.561385820309321,2,value_factor,0.48253220319747925,quality_factor,0.3584570288658142,volatility_factor,0.1351076066493988
2025-12-02,600016.SH,cn_a,SIZE_LARGE,3,"cp,pca,tucker",0.7285511345203415,0.5759972722065229,0.7285511345203415,0.2302749678492546,0,quality_factor,0.4641573429107666,value_factor,0.4099268615245819,volatility_factor,0.12026885151863098
2025-12-02,600000.SH,cn_a,SIZE_LARGE,3,"cp,pca,tucker",0.1766390651245799,0.1507535940116023,0.1766390651245799,0.2302749678492546,0,value_factor,0.6061209440231323,quality_factor,0.3110073208808899,momentum_factor,0.07215717434883118
2025-12-02,600028.SH,cn_a,SIZE_LARGE,3,"cp,pca,tucker",0.09356815935675783,0.07242189251032716,0.09356815935675783,0.2302749678492546,2,momentum_factor,0.6500711441040039,value_factor,0.2246662825345993,quality_factor,0.11567257344722748
2025-12-02,600036.SH,cn_a,SIZE_LARGE,3,"cp,pca,tucker",0.0549815381331094,0.05236510911052004,0.0549815381331094,0.2302749678492546,1,quality_factor,0.6872121691703796,volatility_factor,0.14035525918006897,value_factor,0.08676490932703018
2025-12-02,600018.SH,cn_a,SIZE_LARGE,3,"cp,pca,tucker",0.04379191462509572,0.04437379618344059,0.04379191462509572,0.2302749678492546,1,quality_factor,0.6984524726867676,volatility_factor,0.14088159799575806,momentum_factor,0.08786465227603912
2025-12-03,600016.SH,cn_a,SIZE_LARGE,3,"cp,pca,tucker",0.6583336333490809,0.5739241804507669,0.6583336333490809,0.27390738266209763,0,quality_factor,0.44813215732574463,value_factor,0.39727309346199036,volatility_factor,0.12986287474632263
2025-12-03,600000.SH,cn_a,SIZE_LARGE,3,"cp,pca,tucker",0.19132934236026874,0.18437863530888357,0.19132934236026874,0.27390738266209763,0,value_factor,0.6100290417671204,quality_factor,0.3061639666557312,momentum_factor,0.07172394543886185
2025-12-03,600028.SH,cn_a,SIZE_LARGE,3,"cp,pca,tucker",0.0934922132767775,0.06776094069368228,0.0934922132767775,0.27390738266209763,0,quality_factor,0.4395732581615448,value_factor,0.34980371594429016,volatility_factor,0.15340536832809448
2025-12-03,600018.SH,cn_a,SIZE_LARGE,3,"cp,pca,tucker",0.0787078413402062,0.06498784497764991,0.0787078413402062,0.27390738266209763,1,quality_factor,0.6987393498420715,volatility_factor,0.14089500904083252,momentum_factor,0.08792072534561157
2025-12-03,600036.SH,cn_a,SIZE_LARGE,3,"cp,pca,tucker",0.06749299236551794,0.061213236465295175,0.06749299236551794,0.27390738266209763,1,quality_factor,0.687084972858429,volatility_factor,0.14034931361675262,value_factor,0.08692289888858795
2025-12-04,600016.SH,cn_a,SIZE_LARGE,3,"cp,pca,tucker",0.6818652275448661,0.5680172093005423,0.6818652275448661,0.29551661387085915,0,quality_factor,0.44945284724235535,value_factor,0.4092550277709961,volatility_factor,0.09390950202941895
2025-12-04,600028.SH,cn_a,SIZE_LARGE,3,"cp,pca,tucker",0.156092056583178,0.11214190436211276,0.156092056583178,0.29551661387085915,2,momentum_factor,0.5951939225196838,value_factor,0.17955167591571808,volatility_factor,0.11770699918270111
2025-12-04,600036.SH,cn_a,SIZE_LARGE,3,"cp,pca,tucker",0.13674221156648925,0.11024244942466675,0.13674221156648925,0.29551661387085915,0,volatility_factor,0.3763684332370758,quality_factor,0.3186483085155487,value_factor,0.19558563828468323
2025-12-04,600000.SH,cn_a,SIZE_LARGE,3,"cp,pca,tucker",0.1110997876091721,0.11825978178521697,0.1110997876091721,0.29551661387085915,0,value_factor,0.6184202432632446,quality_factor,0.2957649528980255,momentum_factor,0.0707937702536583
2025-12-04,600018.SH,cn_a,SIZE_LARGE,3,"cp,pca,tucker",0.10777433288693283,0.08569349235662599,0.10777433288693283,0.29551661387085915,2,value_factor,0.5126256942749023,quality_factor,0.3415798246860504,volatility_factor,0.1298821121454239
2025-12-05,600016.SH,cn_a,SIZE_LARGE,3,"cp,pca,tucker",0.5739150648344938,0.5576832842687123,0.5739150648344938,0.19654316750044623,0,value_factor,0.593291699886322,quality_factor,0.32690638303756714,momentum_factor,0.07357931137084961
2025-12-05,600000.SH,cn_a,SIZE_LARGE,3,"cp,pca,tucker",0.1531114466331597,0.16739514477421824,0.1531114466331597,0.19654316750044623,0,value_factor,0.6185991168022156,quality_factor,0.2955433428287506,momentum_factor,0.07077395170927048
2025-12-05,600036.SH,cn_a,SIZE_LARGE,3,"cp,pca,tucker",0.09182356553190245,0.08390557692714185,0.09182356553190245,0.19654316750044623,1,quality_factor,0.6868107914924622,volatility_factor,0.14033646881580353,value_factor,0.08726358413696289
2025-12-05,600018.SH,cn_a,SIZE_LARGE,3,"cp,pca,tucker",0.08542952609032976,0.07163275832009762,0.08542952609032976,0.19654316750044623,2,value_factor,0.547257661819458,quality_factor,0.32190951704978943,volatility_factor,0.12404460459947586
2025-12-05,600028.SH,cn_a,SIZE_LARGE,3,"cp,pca,tucker",0.0647083794637603,0.04607808815678984,0.0647083794637603,0.19654316750044623,0,quality_factor,0.44587916135787964,value_factor,0.3371869623661041,volatility_factor,0.15614371001720428
2025-12-08,600016.SH,cn_a,SIZE_LARGE,3,"cp,pca,tucker",0.6636954023772605,0.5773599195237976,0.6636954023772605,0.18925398029386997,0,quality_factor,0.43755611777305603,value_factor,0.40471094846725464,volatility_factor,0.08177255839109421
2025-12-08,600000.SH,cn_a,SIZE_LARGE,3,"cp,pca,tucker",0.17910439984328722,0.16799405131255493,0.17910439984328722,0.18925398029386997,0,value_factor,0.624657392501831,quality_factor,0.28803539276123047,momentum_factor,0.07010238617658615
2025-12-08,600036.SH,cn_a,SIZE_LARGE,3,"cp,pca,tucker",0.09300675714159205,0.08273232887596504,0.09300675714159205,0.18925398029386997,1,quality_factor,0.6866206526756287,volatility_factor,0.1403275579214096,value_factor,0.08749976754188538
2025-12-08,600018.SH,cn_a,SIZE_LARGE,3,"cp,pca,tucker",0.04795562867998967,0.045754093909806705,0.04795562867998967,0.18925398029386997,1,quality_factor,0.6997683048248291,volatility_factor,0.14094321429729462,momentum_factor,0.08812185376882553
2025-12-08,600028.SH,cn_a,SIZE_LARGE,3,"cp,pca,tucker",0.04133891625128365,0.03401107930544217,0.04133891625128365,0.18925398029386997,0,quality_factor,0.4467371106147766,value_factor,0.33504119515419006,volatility_factor,0.1567620038986206
2025-12-09,600016.SH,cn_a,SIZE_LARGE,3,"cp,pca,tucker",0.6230148816701592,0.5550191093755711,0.6230148816701592,0.14707425919671854,0,quality_factor,0.41492676734924316,value_factor,0.37938427925109863,volatility_factor,0.11295925825834274
2025-12-09,600000.SH,cn_a,SIZE_LARGE,3,"cp,pca,tucker",0.19382151097414332,0.18023083923109107,0.19382151097414332,0.14707425919671854,0,value_factor,0.618672251701355,quality_factor,0.29545262455940247,momentum_factor,0.07076584547758102
2025-12-09,600028.SH,cn_a,SIZE_LARGE,3,"cp,pca,tucker",0.08598827237944717,0.07204874073412028,0.08598827237944717,0.14707425919671854,2,momentum_factor,0.3861294984817505,volatility_factor,0.269919216632843,value_factor,0.17774218320846558
2025-12-09,600036.SH,cn_a,SIZE_LARGE,3,"cp,pca,tucker",0.0577636942314394,0.05588679524479883,0.0577636942314394,0.14707425919671854,1,quality_factor,0.6868084073066711,volatility_factor,0.14033634960651398,value_factor,0.0872664526104927
2025-12-09,600018.SH,cn_a,SIZE_LARGE,3,"cp,pca,tucker",0.008329456572399419,0.014666773109934297,0.008329456572399419,0.14707425919671854,1,quality_factor,0.6993556618690491,volatility_factor,0.1409238874912262,momentum_factor,0.08804119378328323
2025-12-10,600016.SH,cn_a,SIZE_LARGE,3,"cp,pca,tucker",0.5574343466230404,0.5225590925389295,0.5574343466230404,0.23912815004587173,0,value_factor,0.5999078154563904,quality_factor,0.31870710849761963,momentum_factor,0.07284590601921082
2025-12-10,600000.SH,cn_a,SIZE_LARGE,3,"cp,pca,tucker",0.22899540563659437,0.2232319772221377,0.22899540563659437,0.23912815004587173,0,value_factor,0.6325758099555969,quality_factor,0.27822214365005493,momentum_factor,0.06922461092472076
2025-12-10,600028.SH,cn_a,SIZE_LARGE,3,"cp,pca,tucker",0.026299101340414188,0.012307384699317638,0.026299101340414188,0.23912815004587173,0,quality_factor,0.45429620146751404,value_factor,0.31515994668006897,volatility_factor,0.16276806592941284
2025-12-10,600036.SH,cn_a,SIZE_LARGE,3,"cp,pca,tucker",0.017915579762042194,0.011270277414375576,0.017915579762042194,0.23912815004587173,1,quality_factor,0.6863766312599182,volatility_factor,0.14031614363193512,value_factor,0.08780281990766525
2025-12-10,600018.SH,cn_a,SIZE_LARGE,3,"cp,pca,tucker",-0.005932470029006477,-0.015230691367839222,-0.005932470029006477,0.23912815004587173,1,quality_factor,0.7002972960472107,volatility_factor,0.1409679651260376,momentum_factor,0.08822523057460785
2025-12-11,600016.SH,cn_a,SIZE_LARGE,3,"cp,pca,tucker",0.5426601867037273,0.5085063848567383,0.5426601867037273,0.19853624825676283,0,value_factor,0.5967919826507568,quality_factor,0.3225685656070709,momentum_factor,0.07319130748510361
2025-12-11,600000.SH,cn_a,SIZE_LARGE,3,"cp,pca,tucker",0.24371444937041173,0.23490960566175104,0.24371444937041173,0.19853624825676283,0,value_factor,0.6259499788284302,quality_factor,0.2864333689212799,momentum_factor,0.06995908170938492
2025-12-11,600028.SH,cn_a,SIZE_LARGE,3,"cp,pca,tucker",0.04767177941488824,0.0353162130767727,0.04767177941488824,0.19853624825676283,0,quality_factor,0.44885018467903137,value_factor,0.33396250009536743,volatility_factor,0.1558767706155777
2025-12-11,600036.SH,cn_a,SIZE_LARGE,3,"cp,pca,tucker",0.0009096830439193163,0.00338702335607192,0.0009096830439193163,0.19853624825676283,1,quality_factor,0.68658047914505,volatility_factor,0.14032568037509918,value_factor,0.08754966408014297
2025-12-11,600018.SH,cn_a,SIZE_LARGE,3,"cp,pca,tucker",-0.02155431604403908,-0.020073907090438808,-0.02155431604403908,0.19853624825676283,1,quality_factor,0.6998559832572937,volatility_factor,0.14094731211662292,momentum_factor,0.08813897520303726
2025-12-12,600016.SH,cn_a,SIZE_LARGE,3,"cp,pca,tucker",0.6640191463132469,0.5387544366565026,0.6640191463132469,0.5010397930939993,0,value_factor,0.6072206497192383,quality_factor,0.30964431166648865,momentum_factor,0.07203525304794312
2025-12-12,600000.SH,cn_a,SIZE_LARGE,3,"cp,pca,tucker",0.3109808604983009,0.2593343249199742,0.3109808604983009,0.5010397930939993,0,quality_factor,0.4206009805202484,value_factor,0.3758549988269806,volatility_factor,0.1216699555516243
2025-12-12,600028.SH,cn_a,SIZE_LARGE,3,"cp,pca,tucker",0.014154526660694436,-0.0007652202881949279,0.014154526660694436,0.5010397930939993,0,quality_factor,0.4722359776496887,value_factor,0.27063822746276855,volatility_factor,0.17549802362918854
2025-12-12,600036.SH,cn_a,SIZE_LARGE,3,"cp,pca,tucker",0.004059749580148218,0.006927794126978369,0.004059749580148218,0.5010397930939993,1,quality_factor,0.6859028935432434,volatility_factor,0.1402939409017563,value_factor,0.08839143812656403
2025-12-12,600018.SH,cn_a,SIZE_LARGE,3,"cp,pca,tucker",-0.03892207956597024,-0.028445650546365737,-0.03892207956597024,0.5010397930939993,1,quality_factor,0.7013028264045715,volatility_factor,0.14101505279541016,momentum_factor,0.0884217694401741
2025-12-15,600016.SH,cn_a,SIZE_LARGE,3,"cp,pca,tucker",0.5736210101359837,0.541565567901689,0.5736210101359837,0.1289932814737161,0,value_factor,0.60724937915802,quality_factor,0.3096088767051697,momentum_factor,0.07203208655118942
2025-12-15,600000.SH,cn_a,SIZE_LARGE,3,"cp,pca,tucker",0.22074537381213996,0.21341794312115994,0.22074537381213996,0.1289932814737161,0,value_factor,0.6485016345977783,quality_factor,0.2584856152534485,momentum_factor,0.06745921820402145
2025-12-15,600036.SH,cn_a,SIZE_LARGE,3,"cp,pca,tucker",0.049692269698191203,0.04735357199759015,0.049692269698191203,0.1289932814737161,1,quality_factor,0.6859010457992554,volatility_factor,0.14029386639595032,value_factor,0.08839372545480728
2025-12-15,600018.SH,cn_a,SIZE_LARGE,3,"cp,pca,tucker",-0.013238942788204125,-0.010444738875751878,-0.013238942788204125,0.1289932814737161,1,quality_factor,0.7013066411018372,volatility_factor,0.14101524651050568,momentum_factor,0.08842252939939499
2025-12-15,600028.SH,cn_a,SIZE_LARGE,3,"cp,pca,tucker",-0.03902599720264835,-0.03780685144486675,-0.03902599720264835,0.1289932814737161,0,quality_factor,0.4737635850906372,value_factor,0.27447381615638733,volatility_factor,0.17221574485301971
2025-12-16,600016.SH,cn_a,SIZE_LARGE,3,"cp,pca,tucker",0.5980111820247865,0.5448794062841293,0.5980111820247865,0.11147327441722155,0,quality_factor,0.38767045736312866,value_factor,0.365833044052124,momentum_factor,0.15110918879508972
2025-12-16,600000.SH,cn_a,SIZE_LARGE,3,"cp,pca,tucker",0.23110879202311538,0.2132281169899568,0.23110879202311538,0.11147327441722155,0,value_factor,0.6469072699546814,quality_factor,0.2604614496231079,momentum_factor,0.06763595342636108
2025-12-16,600036.SH,cn_a,SIZE_LARGE,3,"cp,pca,tucker",0.011255033215035098,0.018540768857448497,0.011255033215035098,0.11147327441722155,1,quality_factor,0.6859477758407593,volatility_factor,0.1402960568666458,value_factor,0.08833565562963486
2025-12-16,600018.SH,cn_a,SIZE_LARGE,3,"cp,pca,tucker",-0.013077127534792427,-0.0026625754211078343,-0.013077127534792427,0.11147327441722155,1,quality_factor,0.701208770275116,volatility_factor,0.14101067185401917,momentum_factor,0.08840339630842209
2025-12-16,600019.SH,cn_a,SIZE_LARGE,3,"cp,pca,tucker",-0.05653038920833653,-0.04542616314909548,-0.05653038920833653,0.11147327441722155,1,quality_factor,0.48990434408187866,value_factor,0.23522290587425232,volatility_factor,0.183207705616951
2025-12-17,600016.SH,cn_a,SIZE_LARGE,3,"cp,pca,tucker",0.6604666725173219,0.589534402184245,0.6604666725173219,0.1993680497010549,0,quality_factor,0.4091927409172058,value_factor,0.40489286184310913,momentum_factor,0.16892971098423004
2025-12-17,600000.SH,cn_a,SIZE_LARGE,3,"cp,pca,tucker",0.26403837617893666,0.24114039645769045,0.26403837617893666,0.1993680497010549,0,quality_factor,0.3970414400100708,value_factor,0.34193310141563416,volatility_factor,0.1802021712064743
2025-12-17,600036.SH,cn_a,SIZE_LARGE,3,"cp,pca,tucker",0.08359635710657849,0.07555362354365806,0.08359635710657849,0.1993680497010549,1,quality_factor,0.6858940124511719,volatility_factor,0.14029352366924286,value_factor,0.08840244263410568
2025-12-17,600018.SH,cn_a,SIZE_LARGE,3,"cp,pca,tucker",-0.020502059814237472,-0.010707124765907869,-0.020502059814237472,0.1993680497010549,1,quality_factor,0.7013213038444519,volatility_factor,0.1410159319639206,momentum_factor,0.0884253978729248
2025-12-17,600019.SH,cn_a,SIZE_LARGE,3,"cp,pca,tucker",-0.0808457880809952,-0.06586011576189149,-0.0808457880809952,0.1993680497010549,1,quality_factor,0.48717954754829407,value_factor,0.22859013080596924,volatility_factor,0.18894276022911072
2025-12-18,600016.SH,cn_a,SIZE_LARGE,3,"cp,pca,tucker",0.7163774202336968,0.6343428639875884,0.7163774202336968,0.146268080919981,0,value_factor,0.361825168132782,quality_factor,0.33048340678215027,momentum_factor,0.19238439202308655
2025-12-18,600000.SH,cn_a,SIZE_LARGE,3,"cp,pca,tucker",0.2660954467096928,0.24035118324564708,0.2660954467096928,0.146268080919981,0,value_factor,0.6519848704338074,quality_factor,0.25416886806488037,momentum_factor,0.06707309931516647
2025-12-18,600036.SH,cn_a,SIZE_LARGE,3,"cp,pca,tucker",0.11142572525152344,0.09967858201505797,0.11142572525152344,0.146268080919981,1,quality_factor,0.6857995986938477,volatility_factor,0.14028911292552948,value_factor,0.08851976692676544
2025-12-18,600018.SH,cn_a,SIZE_LARGE,3,"cp,pca,tucker",0.003921817239156383,0.010781972238993076,0.003921817239156383,0.146268080919981,1,quality_factor,0.7015182375907898,volatility_factor,0.1410251408815384,momentum_factor,0.08846388757228851
2025-12-18,600019.SH,cn_a,SIZE_LARGE,3,"cp,pca,tucker",-0.03787810794924946,-0.02987601472371912,-0.03787810794924946,0.146268080919981,1,quality_factor,0.48429355025291443,value_factor,0.22805176675319672,volatility_factor,0.19130343198776245
2025-12-19,600016.SH,cn_a,SIZE_LARGE,3,"cp,pca,tucker",0.9146250571722008,0.6463032556354481,0.9146250571722008,0.5679400886098543,0,value_factor,0.396573007106781,quality_factor,0.3862636685371399,momentum_factor,0.17441295087337494
2025-12-19,600000.SH,cn_a,SIZE_LARGE,3,"cp,pca,tucker",0.34384412876535725,0.2542270256914157,0.34384412876535725,0.5679400886098543,0,quality_factor,0.38344886898994446,volatility_factor,0.32114100456237793,value_factor,0.28732526302337646
2025-12-19,600104.SH,cn_a,SIZE_LARGE,3,"cp,pca,tucker",0.1728243343413933,0.08794730584100628,0.1728243343413933,0.5679400886098543,2,volatility_factor,0.43110716342926025,momentum_factor,0.36251088976860046,quality_factor,0.11888151615858078
2025-12-19,600036.SH,cn_a,SIZE_LARGE,3,"cp,pca,tucker",0.0903947805558666,0.07218818491658378,0.0903947805558666,0.5679400886098543,1,quality_factor,0.6857922673225403,volatility_factor,0.14028877019882202,value_factor,0.08852890133857727
2025-12-19,600089.SH,cn_a,SIZE_LARGE,3,"cp,pca,tucker",0.007765753506755069,-0.012017641468267356,0.007765753506755069,0.5679400886098543,0,volatility_factor,0.5193915963172913,quality_factor,0.2601693272590637,value_factor,0.1567302793264389
2025-12-22,600016.SH,cn_a,SIZE_LARGE,3,"cp,pca,tucker",0.722772812175308,0.6267361892387784,0.722772812175308,0.20848331227898598,0,quality_factor,0.4058276116847992,value_factor,0.39909249544143677,momentum_factor,0.1667574942111969
2025-12-22,600000.SH,cn_a,SIZE_LARGE,3,"cp,pca,tucker",0.3034959111439646,0.26581779352514157,0.3034959111439646,0.20848331227898598,0,value_factor,0.6504160165786743,quality_factor,0.25611305236816406,momentum_factor,0.06724700331687927
2025-12-22,600104.SH,cn_a,SIZE_LARGE,3,"cp,pca,tucker",0.09941862425366566,0.07251453707940447,0.09941862425366566,0.20848331227898598,2,volatility_factor,0.4742235541343689,momentum_factor,0.2960546314716339,quality_factor,0.13923227787017822
2025-12-22,600036.SH,cn_a,SIZE_LARGE,3,"cp,pca,tucker",0.0544564739794682,0.05280007482412158,0.0544564739794682,0.20848331227898598,1,quality_factor,0.6858451962471008,volatility_factor,0.1402912437915802,value_factor,0.08846312761306763
2025-12-22,600018.SH,cn_a,SIZE_LARGE,3,"cp,pca,tucker",-0.0033929975749887134,0.005905776237523498,-0.0033929975749887134,0.20848331227898598,1,quality_factor,0.7014232873916626,volatility_factor,0.14102068543434143,momentum_factor,0.08844532817602158
2025-12-23,600016.SH,cn_a,SIZE_LARGE,3,"cp,pca,tucker",0.7338131389741185,0.6355695826451914,0.7338131389741185,0.16715800886352858,0,value_factor,0.37162306904792786,quality_factor,0.3487636148929596,momentum_factor,0.21697227656841278
2025-12-23,600000.SH,cn_a,SIZE_LARGE,3,"cp,pca,tucker",0.2873792780796734,0.2550983780591961,0.2873792780796734,0.16715800886352858,0,value_factor,0.6484565138816833,quality_factor,0.2585415244102478,momentum_factor,0.06746422499418259
2025-12-23,600036.SH,cn_a,SIZE_LARGE,3,"cp,pca,tucker",0.08646856289075101,0.07811375928446614,0.08646856289075101,0.16715800886352858,1,quality_factor,0.6859022974967957,volatility_factor,0.1402939110994339,value_factor,0.08839207887649536
2025-12-23,600104.SH,cn_a,SIZE_LARGE,3,"cp,pca,tucker",0.011291125840528443,0.004365890244383737,0.011291125840528443,0.16715800886352858,2,volatility_factor,0.34549206495285034,momentum_factor,0.2677510678768158,quality_factor,0.20221303403377533
2025-12-23,600018.SH,cn_a,SIZE_LARGE,3,"cp,pca,tucker",-0.0014351315773463806,0.0071826898052929035,-0.0014351315773463806,0.16715800886352858,1,quality_factor,0.7013039588928223,volatility_factor,0.14101511240005493,momentum_factor,0.08842198550701141
2025-12-24,600016.SH,cn_a,SIZE_LARGE,3,"cp,pca,tucker",0.6334517144274752,0.6101782091622587,0.6334517144274752,0.08838720836987098,0,value_factor,0.6075765490531921,quality_factor,0.3092033565044403,momentum_factor,0.0719958171248436
2025-12-24,600000.SH,cn_a,SIZE_LARGE,3,"cp,pca,tucker",0.27778615109008403,0.2666324677106134,0.27778615109008403,0.08838720836987098,0,value_factor,0.6492218971252441,quality_factor,0.25759291648864746,momentum_factor,0.06737937033176422
2025-12-24,600036.SH,cn_a,SIZE_LARGE,3,"cp,pca,tucker",0.08775089087618515,0.08496944663500433,0.08775089087618515,0.08838720836987098,1,quality_factor,0.6858800053596497,volatility_factor,0.14029288291931152,value_factor,0.08841988444328308
2025-12-24,600104.SH,cn_a,SIZE_LARGE,3,"cp,pca,tucker",0.016454397635820028,0.013301812575860767,0.016454397635820028,0.08838720836987098,2,volatility_factor,0.39804238080978394,momentum_factor,0.25693705677986145,quality_factor,0.1884188950061798
2025-12-24,600018.SH,cn_a,SIZE_LARGE,3,"cp,pca,tucker",0.005545947893037431,0.008117778881746696,0.005545947893037431,0.08838720836987098,1,quality_factor,0.7013506889343262,volatility_factor,0.14101728796958923,momentum_factor,0.08843112736940384
2025-12-25,600016.SH,cn_a,SIZE_LARGE,3,"cp,pca,tucker",0.6441772726480207,0.6218074482079019,0.6441772726480207,0.07832312723621726,0,value_factor,0.606925368309021,quality_factor,0.3100104331970215,momentum_factor,0.07206800580024719
2025-12-25,600000.SH,cn_a,SIZE_LARGE,3,"cp,pca,tucker",0.28013423522822084,0.26965078875002507,0.28013423522822084,0.07832312723621726,0,value_factor,0.6477891802787781,quality_factor,0.2593684196472168,momentum_factor,0.06753817945718765
2025-12-25,600018.SH,cn_a,SIZE_LARGE,3,"cp,pca,tucker",0.040157613049700246,0.040611881119413745,0.040157613049700246,0.07832312723621726,1,quality_factor,0.7012629508972168,volatility_factor,0.14101319015026093,momentum_factor,0.08841398358345032
2025-12-25,600036.SH,cn_a,SIZE_LARGE,3,"cp,pca,tucker",0.03652049153435003,0.03653107088256392,0.03652049153435003,0.07832312723621726,1,quality_factor,0.6859219074249268,volatility_factor,0.14029483497142792,value_factor,0.08836780488491058
2025-12-25,600104.SH,cn_a,SIZE_LARGE,3,"cp,pca,tucker",-0.010346850132861895,-0.011817535627723448,-0.010346850132861895,0.07832312723621726,2,value_factor,0.45031261444091797,quality_factor,0.3788265287876129,momentum_factor,0.116263248026371
2025-12-26,600016.SH,cn_a,SIZE_LARGE,3,"cp,pca,tucker",0.6568495573137035,0.6273569724837448,0.6568495573137035,0.048734809077965714,0,value_factor,0.40169548988342285,quality_factor,0.3967280387878418,momentum_factor,0.19739729166030884
2025-12-26,600000.SH,cn_a,SIZE_LARGE,3,"cp,pca,tucker",0.30936568852287594,0.2960392229613354,0.30936568852287594,0.048734809077965714,0,value_factor,0.6476758122444153,quality_factor,0.25950902700424194,momentum_factor,0.06755077093839645
2025-12-26,600036.SH,cn_a,SIZE_LARGE,3,"cp,pca,tucker",0.04849118818774095,0.048820424561945096,0.04849118818774095,0.048734809077965714,1,quality_factor,0.6859251856803894,volatility_factor,0.14029499888420105,value_factor,0.08836367726325989
2025-12-26,600018.SH,cn_a,SIZE_LARGE,3,"cp,pca,tucker",0.027979066251199697,0.028828975451146665,0.027979066251199697,0.048734809077965714,1,quality_factor,0.7012560367584229,volatility_factor,0.14101286232471466,momentum_factor,0.08841262757778168
2025-12-26,600104.SH,cn_a,SIZE_LARGE,3,"cp,pca,tucker",0.003028888582328424,0.0011604377416189193,0.003028888582328424,0.048734809077965714,2,volatility_factor,0.35862329602241516,momentum_factor,0.2290578931570053,quality_factor,0.218671053647995
2025-12-29,600016.SH,cn_a,SIZE_LARGE,3,"cp,pca,tucker",0.7925445194477557,0.6538685221789167,0.7925445194477557,0.22966723951200643,0,value_factor,0.36460474133491516,quality_factor,0.33615949749946594,momentum_factor,0.20535609126091003
2025-12-29,600000.SH,cn_a,SIZE_LARGE,3,"cp,pca,tucker",0.36255477936063585,0.30104361584933687,0.36255477936063585,0.22966723951200643,0,quality_factor,0.32138675451278687,volatility_factor,0.2730048894882202,value_factor,0.2129422426223755
2025-12-29,600036.SH,cn_a,SIZE_LARGE,3,"cp,pca,tucker",0.0838236024535114,0.0737113855602987,0.0838236024535114,0.22966723951200643,1,quality_factor,0.6858017444610596,volatility_factor,0.14028920233249664,value_factor,0.08851706981658936
2025-12-29,600018.SH,cn_a,SIZE_LARGE,3,"cp,pca,tucker",-0.05207063027595366,-0.027822372064248566,-0.05207063027595366,0.22966723951200643,1,quality_factor,0.7015137672424316,volatility_factor,0.14102493226528168,momentum_factor,0.08846300840377808
2025-12-29,600118.SH,cn_a,SIZE_LARGE,3,"cp,pca,tucker",-0.05285881852542906,-0.09735186307409743,-0.05285881852542906,0.22966723951200643,0,volatility_factor,0.3286154270172119,momentum_factor,0.29202619194984436,quality_factor,0.20628216862678528
2025-12-30,600016.SH,cn_a,SIZE_LARGE,3,"cp,pca,tucker",0.7510361204214266,0.6716316845187599,0.7510361204214266,0.10884062573313713,0,value_factor,0.35906684398651123,quality_factor,0.326505571603775,momentum_factor,0.20015639066696167
2025-12-30,600000.SH,cn_a,SIZE_LARGE,3,"cp,pca,tucker",0.44642239649623666,0.39494578924703694,0.44642239649623666,0.10884062573313713,0,momentum_factor,0.36072206497192383,quality_factor,0.3293699026107788,value_factor,0.23758213222026825
2025-12-30,600036.SH,cn_a,SIZE_LARGE,3,"cp,pca,tucker",0.0778804420456287,0.07188575097928862,0.0778804420456287,0.10884062573313713,1,quality_factor,0.6856457591056824,volatility_factor,0.14028190076351166,value_factor,0.0887107402086258
2025-12-30,600019.SH,cn_a,SIZE_LARGE,3,"cp,pca,tucker",-0.07199237795658962,-0.059758964928118906,-0.07199237795658962,0.10884062573313713,1,quality_factor,0.4859241843223572,value_factor,0.33682137727737427,volatility_factor,0.1309298425912857
2025-12-30,600118.SH,cn_a,SIZE_LARGE,3,"cp,pca,tucker",-0.07453309932292586,-0.09491764657604908,-0.07453309932292586,0.10884062573313713,0,volatility_factor,0.3286154270172119,momentum_factor,0.29202619194984436,quality_factor,0.20628216862678528
2025-12-31,600016.SH,cn_a,SIZE_LARGE,3,"cp,pca,tucker",0.698414991374959,0.6498973682338477,0.698414991374959,0.175999628379941,0,value_factor,0.38144952058792114,quality_factor,0.3618665635585785,momentum_factor,0.18216948211193085
2025-12-31,600000.SH,cn_a,SIZE_LARGE,3,"cp,pca,tucker",0.4770354132398223,0.43706992718074794,0.4770354132398223,0.175999628379941,0,momentum_factor,0.432132750749588,quality_factor,0.30173274874687195,value_factor,0.22529971599578857
2025-12-31,600036.SH,cn_a,SIZE_LARGE,3,"cp,pca,tucker",0.06516537959900605,0.06323325865132695,0.06516537959900605,0.175999628379941,1,quality_factor,0.6855762004852295,volatility_factor,0.1402786523103714,value_factor,0.08879725635051727
2025-12-31,600018.SH,cn_a,SIZE_LARGE,3,"cp,pca,tucker",-0.041298362037376246,-0.0318879554790145,-0.041298362037376246,0.175999628379941,1,quality_factor,0.7019796967506409,volatility_factor,0.14104674756526947,momentum_factor,0.08855407685041428
2025-12-31,600019.SH,cn_a,SIZE_LARGE,3,"cp,pca,tucker",-0.05949243956922632,-0.05361220752249755,-0.05949243956922632,0.175999628379941,1,quality_factor,0.48662006855010986,value_factor,0.33595696091651917,volatility_factor,0.13096244633197784
